account_id,customer_id,account_type,branch_id,open_date,currency,status,current_balance,avg_monthly_balance,linked_accounts
ACC-000001,CUST-000001,Business,BR-000134,2022-06-27,USD,Active,1785452.549174145,1870295.86,ACC-000002;ACC-000003;ACC-000004;ACC-000005
ACC-000002,CUST-000001,Current,BR-000134,2023-02-09,INR,Active,500156.1562216174,631012.31,ACC-000001;ACC-000003;ACC-000004;ACC-000005
ACC-000003,CUST-000001,Current,BR-000134,2023-06-24,USD,Active,503341.684087062,660031.18,ACC-000001;ACC-000002;ACC-000004;ACC-000005
ACC-000004,CUST-000001,Business,BR-000134,2024-03-14,INR,Active,196210.26178102195,137626.82,ACC-000001;ACC-000002;ACC-000003;ACC-000005
ACC-000005,CUST-000001,Business,BR-000134,2024-02-17,USD,Active,1217821.2450691417,1486173.36,ACC-000001;ACC-000002;ACC-000003;ACC-000004
ACC-000006,CUST-000002,Current,BR-000046,2022-11-29,INR,Active,0.02425782384067672,12921.36,
ACC-000007,CUST-000003,Savings,BR-000163,2024-09-13,GBP,Active,3.461805068360504,33953.38,ACC-000008
ACC-000008,CUST-000003,Savings,BR-000163,2024-08-02,AED,Active,154946.15196244078,156102.77,ACC-000007
ACC-000009,CUST-000004,Current,BR-000108,2024-10-25,EUR,Active,9458.762503562912,17317.23,ACC-000010;ACC-000011
ACC-000010,CUST-000004,Savings,BR-000108,2024-10-05,EUR,Active,2.211055751765583,1607.93,ACC-000009;ACC-000011
ACC-000011,CUST-000004,Savings,BR-000108,2024-08-23,USD,Active,8338.770616786958,13367.31,ACC-000009;ACC-000010
ACC-000012,CUST-000005,Current,BR-000062,2023-10-03,USD,Active,154.31584916979028,19972.8,
ACC-000013,CUST-000006,Savings,BR-000093,2021-08-14,USD,Active,120.45588484904303,25233.61,ACC-000014
ACC-000014,CUST-000006,Savings,BR-000093,2024-04-11,INR,Active,0.026553067659670627,15184.59,ACC-000013
ACC-000015,CUST-000007,Current,BR-000078,2024-08-12,INR,Active,1829.1673209168089,10357.74,
ACC-000016,CUST-000008,Current,BR-000026,2024-11-06,GBP,Active,51482.71677491213,71301.15,ACC-000017
ACC-000017,CUST-000008,Savings,BR-000026,2024-11-08,GBP,Active,30246.220884167673,62080.31,ACC-000016
ACC-000018,CUST-000009,Savings,BR-000143,2023-06-01,EUR,Active,10.258518903633444,47634.61,
ACC-000019,CUST-000010,Savings,BR-000113,2024-11-17,INR,Active,0.00013291432036833162,10099.31,
ACC-000020,CUST-000011,Current,BR-000110,2024-07-02,INR,Active,237796.08589977433,222316.06,
ACC-000021,CUST-000012,Savings,BR-000069,2019-12-19,INR,Active,22365.978544487472,34882.28,ACC-000022
ACC-000022,CUST-000012,Current,BR-000069,2020-10-16,INR,Active,117.34717484365592,31306.21,ACC-000021
ACC-000023,CUST-000013,Savings,BR-000123,2022-08-14,INR,Active,18671.552315217974,8531.95,ACC-000024
ACC-000024,CUST-000013,Current,BR-000123,2023-07-31,INR,Active,15722.776923062207,32306.92,ACC-000023
ACC-000025,CUST-000014,Savings,BR-000092,2023-11-28,INR,Active,3867.2374181237137,25858.98,ACC-000026
ACC-000026,CUST-000014,Savings,BR-000092,2023-11-26,INR,Active,2173.426563303572,5462.32,ACC-000025
ACC-000027,CUST-000015,Savings,BR-000028,2020-05-18,INR,Active,3.8101107587287473,2642.21,ACC-000028;ACC-000029
ACC-000028,CUST-000015,Savings,BR-000028,2019-12-03,INR,Dormant,157124.12348908474,157124.12,ACC-000027;ACC-000029
ACC-000029,CUST-000015,Savings,BR-000028,2019-10-09,GBP,Active,6754.490665586681,17033.68,ACC-000027;ACC-000028
ACC-000030,CUST-000016,Savings,BR-000040,2022-12-27,INR,Active,1187.0061755994313,13002.34,ACC-000031
ACC-000031,CUST-000016,Savings,BR-000040,2023-08-19,GBP,Active,7509.771699655703,34336.27,ACC-000030
ACC-000032,CUST-000017,Savings,BR-000002,2024-04-03,INR,Active,7690.659574243076,4404.31,ACC-000033;ACC-000034
ACC-000033,CUST-000017,Savings,BR-000002,2023-01-30,INR,Active,1.2063064327944701,486.17,ACC-000032;ACC-000034
ACC-000034,CUST-000017,Savings,BR-000002,2024-10-28,INR,Active,2.1769958437323638,542.36,ACC-000032;ACC-000033
ACC-000035,CUST-000018,Current,BR-000125,2024-08-07,INR,Active,250.5561640204225,9966.08,ACC-000036
ACC-000036,CUST-000018,Current,BR-000125,2024-06-09,USD,Active,58760.55949811698,69083.91,ACC-000035
ACC-000037,CUST-000019,Savings,BR-000155,2022-10-02,AED,Active,4.8312982822066015,1241.47,ACC-000038
ACC-000038,CUST-000019,Savings,BR-000155,2022-03-30,USD,Active,22.08175292090641,1845.3,ACC-000037
ACC-000039,CUST-000020,Current,BR-000106,2023-11-23,INR,Active,1133771.0997495288,1192953.98,ACC-000040;ACC-000041;ACC-000042;ACC-000043
ACC-000040,CUST-000020,Business,BR-000106,2023-02-07,GBP,Active,242478.3111663631,478093.07,ACC-000039;ACC-000041;ACC-000042;ACC-000043
ACC-000041,CUST-000020,Business,BR-000106,2022-11-18,INR,Active,54.58456945316533,50151.24,ACC-000039;ACC-000040;ACC-000042;ACC-000043
ACC-000042,CUST-000020,Business,BR-000106,2021-12-30,INR,Active,1111097.1574898371,1382741.21,ACC-000039;ACC-000040;ACC-000041;ACC-000043
ACC-000043,CUST-000020,Current,BR-000106,2021-09-22,INR,Active,453959.1368558968,529608.6,ACC-000039;ACC-000040;ACC-000041;ACC-000042
ACC-000044,CUST-000021,Current,BR-000075,2019-05-25,INR,Active,4000.7947363872518,24005.99,
ACC-000045,CUST-000022,Current,BR-000117,2023-09-21,INR,Active,14.44466790155698,5848.94,
ACC-000046,CUST-000023,Current,BR-000178,2021-01-27,INR,Active,5475.377422883684,30140.81,
ACC-000047,CUST-000024,Business,BR-000167,2021-12-15,AED,Active,264578.47365831496,575063.56,ACC-000048;ACC-000049;ACC-000050;ACC-000051
ACC-000048,CUST-000024,Current,BR-000167,2020-05-22,INR,Active,801431.718564155,873117.14,ACC-000047;ACC-000049;ACC-000050;ACC-000051
ACC-000049,CUST-000024,Business,BR-000167,2019-10-27,INR,Active,181376.16853354493,209690.0,ACC-000047;ACC-000048;ACC-000050;ACC-000051
ACC-000050,CUST-000024,Business,BR-000167,2019-10-01,GBP,Dormant,1033287.1,1033287.1,ACC-000047;ACC-000048;ACC-000049;ACC-000051
ACC-000051,CUST-000024,Business,BR-000167,2024-12-02,INR,Active,634782.3384516503,776361.7,ACC-000047;ACC-000048;ACC-000049;ACC-000050
ACC-000052,CUST-000025,Current,BR-000160,2024-07-01,GBP,Active,3050.4489162212735,7975.95,ACC-000053
ACC-000053,CUST-000025,Current,BR-000160,2024-05-20,INR,Active,322084.52018171886,150516.57,ACC-000052
ACC-000054,CUST-000026,Current,BR-000074,2023-03-20,INR,Active,1547.636410207656,8330.51,ACC-000055;ACC-000056
ACC-000055,CUST-000026,Current,BR-000074,2023-04-03,INR,Active,610.5369100297685,4152.92,ACC-000054;ACC-000056
ACC-000056,CUST-000026,Current,BR-000074,2022-10-11,INR,Active,3894.37711887361,29423.88,ACC-000054;ACC-000055
ACC-000057,CUST-000027,Current,BR-000089,2024-09-15,AED,Active,0.3780503598576588,16778.65,
ACC-000058,CUST-000028,Current,BR-000016,2023-11-28,INR,Active,0.03114806543822457,4433.62,
ACC-000059,CUST-000029,Savings,BR-000173,2023-11-18,INR,Active,0.2302217516360473,9195.21,ACC-000060
ACC-000060,CUST-000029,Current,BR-000173,2023-05-22,INR,Active,1.4663201898471483,5002.78,ACC-000059
ACC-000061,CUST-000030,Savings,BR-000154,2024-10-20,EUR,Active,3.491500635936001,973.91,ACC-000062;ACC-000063
ACC-000062,CUST-000030,Savings,BR-000154,2024-02-20,EUR,Active,2042.583051178828,2119.55,ACC-000061;ACC-000063
ACC-000063,CUST-000030,Savings,BR-000154,2024-05-21,INR,Active,6179.296360076202,5502.67,ACC-000061;ACC-000062
ACC-000064,CUST-000031,Savings,BR-000120,2024-03-06,INR,Active,114.16158323083118,15612.25,ACC-000065
ACC-000065,CUST-000031,Current,BR-000120,2024-12-19,INR,Dormant,793856.2460977817,793856.25,ACC-000064
ACC-000066,CUST-000032,Savings,BR-000030,2023-10-04,EUR,Active,39700.26915830462,86841.3,ACC-000067
ACC-000067,CUST-000032,Savings,BR-000030,2024-07-27,GBP,Active,136581.6739068423,157429.36,ACC-000066
ACC-000068,CUST-000033,Investment,BR-000111,2024-11-08,INR,Active,73143.53604413081,208357.82,
ACC-000069,CUST-000034,Business,BR-000093,2024-08-17,EUR,Active,411940.96859227336,1319401.15,ACC-000070;ACC-000071;ACC-000072;ACC-000073
ACC-000070,CUST-000034,Current,BR-000093,2024-02-24,INR,Active,2581394.078578697,2653167.68,ACC-000069;ACC-000071;ACC-000072;ACC-000073
ACC-000071,CUST-000034,Current,BR-000093,2024-03-18,INR,Active,4363425.019420433,2537182.11,ACC-000069;ACC-000070;ACC-000072;ACC-000073
ACC-000072,CUST-000034,Current,BR-000093,2024-05-26,INR,Active,1486662.5808180599,1659978.58,ACC-000069;ACC-000070;ACC-000071;ACC-000073
ACC-000073,CUST-000034,Business,BR-000093,2024-10-21,INR,Active,1637757.6688880064,2085180.8,ACC-000069;ACC-000070;ACC-000071;ACC-000072
ACC-000074,CUST-000035,Current,BR-000038,2022-01-06,GBP,Active,183051.00210622803,166301.68,ACC-000075
ACC-000075,CUST-000035,Current,BR-000038,2021-05-28,EUR,Active,82366.0619770143,103268.62,ACC-000074
ACC-000076,CUST-000036,Current,BR-000155,2024-07-20,INR,Active,464587.68787812744,219603.99,ACC-000077
ACC-000077,CUST-000036,Current,BR-000155,2024-09-17,INR,Active,30517.80020024923,15638.28,ACC-000076
ACC-000078,CUST-000037,Business,BR-000102,2021-07-03,INR,Active,679006.8345406131,741988.2,ACC-000079;ACC-000080;ACC-000081;ACC-000082
ACC-000079,CUST-000037,Business,BR-000102,2021-12-26,INR,Active,684896.3887453832,815605.99,ACC-000078;ACC-000080;ACC-000081;ACC-000082
ACC-000080,CUST-000037,Current,BR-000102,2024-03-13,EUR,Active,527143.4434949303,547839.62,ACC-000078;ACC-000079;ACC-000081;ACC-000082
ACC-000081,CUST-000037,Current,BR-000102,2022-10-30,INR,Active,160339.65746231272,219311.36,ACC-000078;ACC-000079;ACC-000080;ACC-000082
ACC-000082,CUST-000037,Current,BR-000102,2023-05-14,INR,Active,222731.01973484107,301711.07,ACC-000078;ACC-000079;ACC-000080;ACC-000081
ACC-000083,CUST-000038,Savings,BR-000005,2019-12-14,INR,Active,128903.04389495897,234194.31,ACC-000084;ACC-000085
ACC-000084,CUST-000038,Savings,BR-000005,2024-09-26,USD,Active,222328.10266450318,218915.06,ACC-000083;ACC-000085
ACC-000085,CUST-000038,Savings,BR-000005,2019-09-06,USD,Active,156112.04473431906,164485.02,ACC-000083;ACC-000084
ACC-000086,CUST-000039,Business,BR-000086,2020-03-10,GBP,Active,696458.9418121085,930787.25,ACC-000087;ACC-000088;ACC-000089;ACC-000090
ACC-000087,CUST-000039,Business,BR-000086,2022-06-12,EUR,Active,834758.3419610779,733456.71,ACC-000086;ACC-000088;ACC-000089;ACC-000090
ACC-000088,CUST-000039,Business,BR-000086,2024-05-31,INR,Active,100863.34894464267,304285.94,ACC-000086;ACC-000087;ACC-000089;ACC-000090
ACC-000089,CUST-000039,Business,BR-000086,2021-05-27,USD,Active,824138.492918224,824138.49,ACC-000086;ACC-000087;ACC-000088;ACC-000090
ACC-000090,CUST-000039,Current,BR-000086,2021-08-26,INR,Active,1138536.028221268,1385872.85,ACC-000086;ACC-000087;ACC-000088;ACC-000089
ACC-000091,CUST-000040,Savings,BR-000170,2024-03-12,INR,Active,75.06933722498857,13350.3,ACC-000092
ACC-000092,CUST-000040,Savings,BR-000170,2024-07-06,INR,Active,174.62239983534636,17711.98,ACC-000091
ACC-000093,CUST-000041,Current,BR-000152,2024-10-20,INR,Active,577869.5470342758,592531.72,ACC-000094
ACC-000094,CUST-000041,Current,BR-000152,2024-09-12,USD,Active,179019.87381518565,459687.59,ACC-000093
ACC-000095,CUST-000042,Savings,BR-000018,2023-07-25,INR,Active,6008.112073106971,5049.42,ACC-000096
ACC-000096,CUST-000042,Current,BR-000018,2024-06-07,EUR,Active,18.33365987852268,25718.2,ACC-000095
ACC-000097,CUST-000043,Savings,BR-000045,2023-12-29,INR,Active,22225.396392672283,36423.05,ACC-000098
ACC-000098,CUST-000043,Savings,BR-000045,2023-04-12,INR,Active,2.7843774285195577,15548.52,ACC-000097
ACC-000099,CUST-000044,Savings,BR-000024,2022-05-08,INR,Active,4915.529895577702,6056.07,ACC-000100
ACC-000100,CUST-000044,Savings,BR-000024,2022-12-14,INR,Active,0.03002331063523006,1475.39,ACC-000099
ACC-000101,CUST-000045,Savings,BR-000058,2024-08-27,AED,Active,72.0605933111473,12765.41,
ACC-000102,CUST-000046,Current,BR-000061,2024-11-24,INR,Active,3713.337595526902,26954.56,ACC-000103;ACC-000104
ACC-000103,CUST-000046,Current,BR-000061,2024-11-08,INR,Active,46.21126480371066,10713.69,ACC-000102;ACC-000104
ACC-000104,CUST-000046,Savings,BR-000061,2024-11-13,INR,Active,97442.66110987435,97795.75,ACC-000102;ACC-000103
ACC-000105,CUST-000047,Savings,BR-000177,2024-12-06,INR,Active,255168.0950811212,386150.36,ACC-000106
ACC-000106,CUST-000047,Current,BR-000177,2024-04-09,INR,Active,68854.42286090931,200458.91,ACC-000105
ACC-000107,CUST-000048,Savings,BR-000118,2024-03-02,USD,Active,3565.8534495297076,8012.75,ACC-000108;ACC-000109
ACC-000108,CUST-000048,Current,BR-000118,2023-10-28,AED,Active,4207.20304427312,9678.4,ACC-000107;ACC-000109
ACC-000109,CUST-000048,Current,BR-000118,2023-04-25,INR,Active,148.85292903083018,8226.49,ACC-000107;ACC-000108
ACC-000110,CUST-000049,Current,BR-000177,2023-09-02,USD,Active,502.7778932678493,59010.5,
ACC-000111,CUST-000050,Savings,BR-000075,2024-12-15,USD,Active,58875.35962330239,72812.3,ACC-000112
ACC-000112,CUST-000050,Savings,BR-000075,2024-07-08,INR,Active,344558.9053720498,357587.76,ACC-000111
ACC-000113,CUST-000051,Current,BR-000036,2020-07-23,INR,Active,0.15487291693217003,7738.03,
ACC-000114,CUST-000052,Business,BR-000098,2024-11-05,INR,Active,1329741.0831574893,1428851.68,ACC-000115;ACC-000116;ACC-000117;ACC-000118
ACC-000115,CUST-000052,Current,BR-000098,2024-10-11,INR,Active,2037784.123646885,2018101.33,ACC-000114;ACC-000116;ACC-000117;ACC-000118
ACC-000116,CUST-000052,Current,BR-000098,2024-09-28,GBP,Active,2805189.600099683,3053768.17,ACC-000114;ACC-000115;ACC-000117;ACC-000118
ACC-000117,CUST-000052,Current,BR-000098,2024-09-14,INR,Active,1775186.2874822104,1775186.29,ACC-000114;ACC-000115;ACC-000116;ACC-000118
ACC-000118,CUST-000052,Current,BR-000098,2024-10-05,USD,Active,2520426.464689837,2376974.5,ACC-000114;ACC-000115;ACC-000116;ACC-000117
ACC-000119,CUST-000053,Current,BR-000172,2024-02-02,INR,Active,4894.149127106071,29217.44,ACC-000120;ACC-000121
ACC-000120,CUST-000053,Savings,BR-000172,2023-10-06,INR,Active,740.7837178424178,13654.12,ACC-000119;ACC-000121
ACC-000121,CUST-000053,Savings,BR-000172,2024-10-13,INR,Active,1043.8936471586453,11890.58,ACC-000119;ACC-000120
ACC-000122,CUST-000054,Savings,BR-000170,2021-07-19,EUR,Active,0.2921806708203838,934.91,ACC-000123;ACC-000124
ACC-000123,CUST-000054,Savings,BR-000170,2023-09-14,INR,Active,4895.2998000040225,5725.04,ACC-000122;ACC-000124
ACC-000124,CUST-000054,Savings,BR-000170,2024-09-28,USD,Active,11.739460680272089,685.37,ACC-000122;ACC-000123
ACC-000125,CUST-000055,Business,BR-000105,2022-09-02,INR,Active,1153625.156280456,1249025.44,ACC-000126;ACC-000127;ACC-000128;ACC-000129
ACC-000126,CUST-000055,Current,BR-000105,2022-06-16,GBP,Active,905588.395540453,839869.66,ACC-000125;ACC-000127;ACC-000128;ACC-000129
ACC-000127,CUST-000055,Business,BR-000105,2023-08-26,GBP,Active,112857.60923545394,477663.26,ACC-000125;ACC-000126;ACC-000128;ACC-000129
ACC-000128,CUST-000055,Business,BR-000105,2022-12-07,INR,Active,648416.8057618359,762697.59,ACC-000125;ACC-000126;ACC-000127;ACC-000129
ACC-000129,CUST-000055,Current,BR-000105,2022-01-06,USD,Active,366325.64284714696,441028.1,ACC-000125;ACC-000126;ACC-000127;ACC-000128
ACC-000130,CUST-000056,Savings,BR-000138,2023-10-25,USD,Active,296.0586644392747,1714.09,ACC-000131;ACC-000132
ACC-000131,CUST-000056,Savings,BR-000138,2024-11-23,USD,Active,103.99415691026252,1130.7,ACC-000130;ACC-000132
ACC-000132,CUST-000056,Savings,BR-000138,2022-07-29,INR,Active,3487.95724479285,4385.45,ACC-000130;ACC-000131
ACC-000133,CUST-000057,Savings,BR-000141,2023-09-30,EUR,Active,160750.5419053326,111265.22,ACC-000134;ACC-000135
ACC-000134,CUST-000057,Savings,BR-000141,2022-01-08,INR,Active,3.334120635011068,4027.33,ACC-000133;ACC-000135
ACC-000135,CUST-000057,Current,BR-000141,2022-08-14,GBP,Active,19533.150550585575,32886.45,ACC-000133;ACC-000134
ACC-000136,CUST-000058,Savings,BR-000177,2021-07-03,USD,Active,3210.449992156293,12673.75,
ACC-000137,CUST-000059,Current,BR-000122,2024-10-18,USD,Active,169699.27316142575,169699.27,ACC-000138;ACC-000139;ACC-000140;ACC-000141
ACC-000138,CUST-000059,Business,BR-000122,2023-10-05,INR,Active,387878.62265027256,439081.44,ACC-000137;ACC-000139;ACC-000140;ACC-000141
ACC-000139,CUST-000059,Current,BR-000122,2024-06-14,INR,Active,1982877.4512382604,2040789.57,ACC-000137;ACC-000138;ACC-000140;ACC-000141
ACC-000140,CUST-000059,Current,BR-000122,2023-02-09,EUR,Active,560495.2530651984,647930.02,ACC-000137;ACC-000138;ACC-000139;ACC-000141
ACC-000141,CUST-000059,Current,BR-000122,2024-05-10,USD,Active,395595.6540632894,395595.65,ACC-000137;ACC-000138;ACC-000139;ACC-000140
ACC-000142,CUST-000060,Current,BR-000055,2024-11-26,INR,Active,13968.393671774622,14781.58,ACC-000143;ACC-000144
ACC-000143,CUST-000060,Current,BR-000055,2023-06-16,INR,Active,5817.5853548267005,9205.2,ACC-000142;ACC-000144
ACC-000144,CUST-000060,Current,BR-000055,2024-11-04,GBP,Active,0.049610877992257885,386.67,ACC-000142;ACC-000143
ACC-000145,CUST-000061,Savings,BR-000048,2021-03-09,INR,Active,31.250262773193764,3414.35,
ACC-000146,CUST-000062,Savings,BR-000074,2024-09-06,INR,Active,5355.695264818477,20315.17,ACC-000147;ACC-000148
ACC-000147,CUST-000062,Current,BR-000074,2023-04-11,INR,Active,0.000479329781359868,3200.12,ACC-000146;ACC-000148
ACC-000148,CUST-000062,Current,BR-000074,2023-09-21,INR,Active,9261.14954500699,5757.71,ACC-000146;ACC-000147
ACC-000149,CUST-000063,Savings,BR-000032,2024-12-07,EUR,Active,349.09880381870425,2366.53,ACC-000150;ACC-000151
ACC-000150,CUST-000063,Savings,BR-000032,2024-12-07,INR,Active,325.2027115210817,16216.49,ACC-000149;ACC-000151
ACC-000151,CUST-000063,Current,BR-000032,2024-11-22,USD,Active,19141.443919680227,42776.34,ACC-000149;ACC-000150
ACC-000152,CUST-000064,Savings,BR-000069,2024-05-02,INR,Dormant,107197.44,107197.44,
ACC-000153,CUST-000065,Current,BR-000135,2020-07-01,INR,Active,66242.71000000021,10923.95,
ACC-000154,CUST-000066,Investment,BR-000017,2024-10-06,INR,Active,179358.56759290257,527470.69,
ACC-000155,CUST-000067,Current,BR-000093,2024-03-25,GBP,Active,18128.136706229987,4557.81,ACC-000156;ACC-000157
ACC-000156,CUST-000067,Current,BR-000093,2022-05-01,GBP,Active,50.20852868400294,9211.33,ACC-000155;ACC-000157
ACC-000157,CUST-000067,Current,BR-000093,2021-12-31,INR,Active,25404.064062585592,41810.02,ACC-000155;ACC-000156
ACC-000158,CUST-000068,Current,BR-000125,2022-03-13,INR,Active,3779672.311570441,1237243.25,ACC-000159;ACC-000160
ACC-000159,CUST-000068,Savings,BR-000125,2021-06-01,AED,Active,16494.929895170637,25381.79,ACC-000158;ACC-000160
ACC-000160,CUST-000068,Current,BR-000125,2021-05-01,INR,Dormant,78251.17,78251.17,ACC-000158;ACC-000159
ACC-000161,CUST-000069,Current,BR-000012,2024-11-27,INR,Active,16873.300779446592,86570.83,
ACC-000162,CUST-000070,Savings,BR-000142,2024-06-22,INR,Active,105.80811951322988,1248.4,ACC-000163;ACC-000164
ACC-000163,CUST-000070,Savings,BR-000142,2023-11-03,GBP,Active,9275.327127600356,10721.99,ACC-000162;ACC-000164
ACC-000164,CUST-000070,Savings,BR-000142,2024-09-26,INR,Active,1408.5562192428813,433.93,ACC-000162;ACC-000163
ACC-000165,CUST-000071,Savings,BR-000143,2023-03-12,INR,Active,277.5983510924975,6224.79,ACC-000166
ACC-000166,CUST-000071,Current,BR-000143,2023-12-24,USD,Active,337.5745593680277,4316.67,ACC-000165
ACC-000167,CUST-000072,Savings,BR-000055,2022-08-31,AED,Active,5798.007591432058,3316.12,ACC-000168;ACC-000169
ACC-000168,CUST-000072,Savings,BR-000055,2024-12-01,INR,Active,7458.504247459611,28357.37,ACC-000167;ACC-000169
ACC-000169,CUST-000072,Savings,BR-000055,2023-07-25,INR,Active,6698.2260907426535,24454.79,ACC-000167;ACC-000168
ACC-000170,CUST-000073,Current,BR-000117,2024-11-27,INR,Active,5.463616028188788,27804.54,
ACC-000171,CUST-000074,Savings,BR-000037,2024-04-22,INR,Active,141592.8878784301,177698.14,ACC-000172
ACC-000172,CUST-000074,Savings,BR-000037,2022-05-19,INR,Dormant,719740.8141166773,719740.81,ACC-000171
ACC-000173,CUST-000075,Savings,BR-000043,2022-01-08,USD,Active,8479.390340504062,5928.92,
ACC-000174,CUST-000076,Current,BR-000130,2023-07-09,USD,Active,59191.09330322278,43306.38,ACC-000175
ACC-000175,CUST-000076,Current,BR-000130,2023-03-22,EUR,Active,533.4418710942109,3153.22,ACC-000174
ACC-000176,CUST-000077,Savings,BR-000091,2024-09-30,INR,Active,596.1230840311609,6253.3,
ACC-000177,CUST-000078,Current,BR-000062,2020-10-17,EUR,Active,1203494.1819882826,1519394.17,ACC-000178;ACC-000179;ACC-000180;ACC-000181
ACC-000178,CUST-000078,Current,BR-000062,2023-10-10,EUR,Active,96426.09412453539,637216.56,ACC-000177;ACC-000179;ACC-000180;ACC-000181
ACC-000179,CUST-000078,Current,BR-000062,2020-02-13,INR,Active,990311.5775253773,1092064.94,ACC-000177;ACC-000178;ACC-000180;ACC-000181
ACC-000180,CUST-000078,Business,BR-000062,2021-01-18,EUR,Active,1209402.0905958798,1753346.56,ACC-000177;ACC-000178;ACC-000179;ACC-000181
ACC-000181,CUST-000078,Current,BR-000062,2022-01-11,INR,Active,813211.2717335301,1082290.85,ACC-000177;ACC-000178;ACC-000179;ACC-000180
ACC-000182,CUST-000079,Savings,BR-000077,2022-01-21,INR,Active,1735.8897402803295,7150.99,ACC-000183
ACC-000183,CUST-000079,Savings,BR-000077,2021-04-03,INR,Active,52.045030503516074,1832.13,ACC-000182
ACC-000184,CUST-000080,Savings,BR-000021,2024-09-12,INR,Active,116110.0503579606,125084.42,ACC-000185
ACC-000185,CUST-000080,Savings,BR-000021,2024-11-20,INR,Active,78443.32472854127,100144.74,ACC-000184
ACC-000186,CUST-000081,Savings,BR-000034,2024-10-15,USD,Active,72.74974608308457,1619.04,ACC-000187
ACC-000187,CUST-000081,Savings,BR-000034,2023-09-22,INR,Active,14142.273457834703,11016.65,ACC-000186
ACC-000188,CUST-000082,Savings,BR-000142,2024-05-15,USD,Active,2257.1630518936486,1199.65,ACC-000189;ACC-000190
ACC-000189,CUST-000082,Savings,BR-000142,2024-09-18,AED,Dormant,325805.8583265746,325805.86,ACC-000188;ACC-000190
ACC-000190,CUST-000082,Savings,BR-000142,2024-07-07,AED,Active,266.6542099132256,5603.44,ACC-000188;ACC-000189
ACC-000191,CUST-000083,Savings,BR-000014,2022-10-22,INR,Active,100626.29250766507,106903.71,ACC-000192;ACC-000193
ACC-000192,CUST-000083,Savings,BR-000014,2023-04-04,INR,Active,141688.86392304508,158286.71,ACC-000191;ACC-000193
ACC-000193,CUST-000083,Savings,BR-000014,2023-03-25,USD,Active,137815.4542001604,239869.82,ACC-000191;ACC-000192
ACC-000194,CUST-000084,Current,BR-000174,2020-07-15,INR,Active,131092.21203718762,307687.95,ACC-000195
ACC-000195,CUST-000084,Savings,BR-000174,2022-12-06,EUR,Active,8593.669520355168,134315.03,ACC-000194
ACC-000196,CUST-000085,Savings,BR-000110,2024-06-02,INR,Active,24771.944352940343,11817.41,ACC-000197
ACC-000197,CUST-000085,Savings,BR-000110,2024-05-05,INR,Active,5068.285565836091,14413.57,ACC-000196
ACC-000198,CUST-000086,Savings,BR-000058,2024-01-22,EUR,Active,716.87608186129,15313.09,ACC-000199;ACC-000200
ACC-000199,CUST-000086,Current,BR-000058,2022-01-08,AED,Active,614.4059449564588,6175.92,ACC-000198;ACC-000200
ACC-000200,CUST-000086,Savings,BR-000058,2022-03-12,INR,Active,335.3833897700606,5089.19,ACC-000198;ACC-000199
ACC-000201,CUST-000087,Savings,BR-000091,2022-10-19,INR,Active,0.0512241399516364,5871.1,
ACC-000202,CUST-000088,Savings,BR-000084,2023-05-16,INR,Active,5278.612042905153,17721.29,ACC-000203;ACC-000204
ACC-000203,CUST-000088,Savings,BR-000084,2020-04-22,USD,Active,124.69396766256114,6236.93,ACC-000202;ACC-000204
ACC-000204,CUST-000088,Savings,BR-000084,2022-12-25,INR,Dormant,750937.2490701424,750937.25,ACC-000202;ACC-000203
ACC-000205,CUST-000089,Savings,BR-000062,2024-10-22,INR,Active,265.79532163227714,2644.47,ACC-000206
ACC-000206,CUST-000089,Savings,BR-000062,2024-03-18,USD,Active,0.028484619555975803,115.25,ACC-000205
ACC-000207,CUST-000090,Savings,BR-000024,2024-01-20,INR,Active,1401.4985258992274,37569.72,ACC-000208
ACC-000208,CUST-000090,Current,BR-000024,2024-03-03,INR,Active,62650.20918568049,78721.78,ACC-000207
ACC-000209,CUST-000091,Savings,BR-000095,2022-02-19,INR,Active,1224.6803030533224,2078.08,
ACC-000210,CUST-000092,Current,BR-000126,2022-10-03,GBP,Active,92064.41445478052,44237.78,ACC-000211
ACC-000211,CUST-000092,Savings,BR-000126,2024-01-11,INR,Active,12188.825952222902,9777.78,ACC-000210
ACC-000212,CUST-000093,Current,BR-000128,2024-06-26,USD,Active,420212.80224305275,462340.73,ACC-000213;ACC-000214;ACC-000215;ACC-000216
ACC-000213,CUST-000093,Current,BR-000128,2022-07-29,INR,Active,660.4211813870315,200350.41,ACC-000212;ACC-000214;ACC-000215;ACC-000216
ACC-000214,CUST-000093,Current,BR-000128,2022-05-20,EUR,Active,300065.4370883163,499601.44,ACC-000212;ACC-000213;ACC-000215;ACC-000216
ACC-000215,CUST-000093,Current,BR-000128,2023-08-09,INR,Active,700844.9459273381,749045.35,ACC-000212;ACC-000213;ACC-000214;ACC-000216
ACC-000216,CUST-000093,Current,BR-000128,2024-08-11,INR,Active,308649.38956012926,439199.77,ACC-000212;ACC-000213;ACC-000214;ACC-000215
ACC-000217,CUST-000094,Savings,BR-000112,2022-01-25,INR,Active,1066.1957752638846,18162.53,
ACC-000218,CUST-000095,Savings,BR-000088,2023-05-19,INR,Active,457807.7322673977,457531.19,ACC-000219;ACC-000220
ACC-000219,CUST-000095,Savings,BR-000088,2022-10-03,INR,Active,6342.0878887167,68262.46,ACC-000218;ACC-000220
ACC-000220,CUST-000095,Savings,BR-000088,2022-01-10,INR,Active,801677.8319460147,610558.06,ACC-000218;ACC-000219
ACC-000221,CUST-000096,Savings,BR-000029,2022-11-09,USD,Active,56.18142973863998,2512.35,ACC-000222;ACC-000223
ACC-000222,CUST-000096,Savings,BR-000029,2023-10-20,INR,Active,0.0003832269698334284,224.59,ACC-000221;ACC-000223
ACC-000223,CUST-000096,Savings,BR-000029,2022-03-11,EUR,Active,1541.467307386286,3329.27,ACC-000221;ACC-000222
ACC-000224,CUST-000097,Savings,BR-000137,2023-10-01,INR,Active,699468.9633170203,745914.02,
ACC-000225,CUST-000098,Current,BR-000171,2024-03-19,INR,Active,23417.270807499957,33337.03,ACC-000226;ACC-000227
ACC-000226,CUST-000098,Current,BR-000171,2022-06-18,INR,Active,14776.450663077534,37619.14,ACC-000225;ACC-000227
ACC-000227,CUST-000098,Current,BR-000171,2021-08-06,USD,Active,12.675481402303163,11785.3,ACC-000225;ACC-000226
ACC-000228,CUST-000099,Savings,BR-000102,2023-01-26,INR,Active,30736.699583221125,16967.6,ACC-000229
ACC-000229,CUST-000099,Current,BR-000102,2023-05-22,INR,Active,6467.438978184481,9528.14,ACC-000228
ACC-000230,CUST-000100,Savings,BR-000101,2021-07-31,INR,Active,317.9794913557523,11468.93,ACC-000231;ACC-000232
ACC-000231,CUST-000100,Savings,BR-000101,2024-04-07,INR,Dormant,34914.45,34914.45,ACC-000230;ACC-000232
ACC-000232,CUST-000100,Current,BR-000101,2024-03-11,INR,Active,0.326810870285865,3586.17,ACC-000230;ACC-000231
ACC-000233,CUST-000101,Current,BR-000173,2022-05-21,USD,Active,33472.6799260094,51300.63,ACC-000234
ACC-000234,CUST-000101,Savings,BR-000173,2019-11-23,GBP,Active,413.3397248435832,74108.83,ACC-000233
ACC-000235,CUST-000102,Savings,BR-000050,2024-07-04,INR,Active,53.71016769699024,32212.38,
ACC-000236,CUST-000103,Current,BR-000110,2021-12-14,EUR,Active,49196.896292166515,73625.94,ACC-000237;ACC-000238
ACC-000237,CUST-000103,Savings,BR-000110,2024-03-20,AED,Active,45164.44823074138,55447.22,ACC-000236;ACC-000238
ACC-000238,CUST-000103,Current,BR-000110,2023-10-23,USD,Active,47813.18718575,49639.97,ACC-000236;ACC-000237
ACC-000239,CUST-000104,Savings,BR-000174,2022-01-05,INR,Active,46.70782720724483,1143.64,
ACC-000240,CUST-000105,Current,BR-000071,2022-02-08,INR,Active,886658.066086873,829508.57,ACC-000241;ACC-000242;ACC-000243;ACC-000244
ACC-000241,CUST-000105,Current,BR-000071,2024-01-18,INR,Active,725213.2411321409,725213.24,ACC-000240;ACC-000242;ACC-000243;ACC-000244
ACC-000242,CUST-000105,Business,BR-000071,2023-01-20,USD,Active,623753.5411895576,935228.13,ACC-000240;ACC-000241;ACC-000243;ACC-000244
ACC-000243,CUST-000105,Business,BR-000071,2021-12-24,AED,Active,48509.77566554965,157984.78,ACC-000240;ACC-000241;ACC-000242;ACC-000244
ACC-000244,CUST-000105,Business,BR-000071,2020-09-23,INR,Active,313484.05678382743,687296.07,ACC-000240;ACC-000241;ACC-000242;ACC-000243
ACC-000245,CUST-000106,Current,BR-000070,2020-01-10,USD,Active,488853.5062763682,670893.19,ACC-000246;ACC-000247;ACC-000248;ACC-000249
ACC-000246,CUST-000106,Business,BR-000070,2022-08-16,INR,Active,107956.32971690266,319670.85,ACC-000245;ACC-000247;ACC-000248;ACC-000249
ACC-000247,CUST-000106,Business,BR-000070,2021-04-04,GBP,Active,695270.1103933315,916756.4,ACC-000245;ACC-000246;ACC-000248;ACC-000249
ACC-000248,CUST-000106,Business,BR-000070,2022-01-20,INR,Active,126982.33220675452,408585.88,ACC-000245;ACC-000246;ACC-000247;ACC-000249
ACC-000249,CUST-000106,Current,BR-000070,2024-06-19,INR,Active,142109.8895688708,343614.32,ACC-000245;ACC-000246;ACC-000247;ACC-000248
ACC-000250,CUST-000107,Savings,BR-000139,2023-11-30,INR,Active,233807.76844360319,254987.85,ACC-000251
ACC-000251,CUST-000107,Savings,BR-000139,2023-10-19,INR,Active,151162.2917428593,153295.03,ACC-000250
ACC-000252,CUST-000108,Current,BR-000081,2021-10-22,INR,Active,1073900.5797799854,1127977.26,ACC-000253;ACC-000254
ACC-000253,CUST-000108,Savings,BR-000081,2022-03-03,AED,Active,209.55526443624058,28404.71,ACC-000252;ACC-000254
ACC-000254,CUST-000108,Savings,BR-000081,2023-12-30,INR,Active,410964.55273986066,473380.01,ACC-000252;ACC-000253
ACC-000255,CUST-000109,Current,BR-000098,2021-10-30,USD,Active,587.1890310324761,9501.97,ACC-000256;ACC-000257
ACC-000256,CUST-000109,Current,BR-000098,2022-09-27,EUR,Active,6.486518667108443,4036.77,ACC-000255;ACC-000257
ACC-000257,CUST-000109,Current,BR-000098,2022-06-28,INR,Active,0.6800446080493505,2471.22,ACC-000255;ACC-000256
ACC-000258,CUST-000110,Current,BR-000011,2021-12-23,INR,Active,5629.403538352755,33362.2,ACC-000259;ACC-000260
ACC-000259,CUST-000110,Savings,BR-000011,2024-02-13,INR,Active,17452.661238497156,5346.02,ACC-000258;ACC-000260
ACC-000260,CUST-000110,Current,BR-000011,2023-02-25,AED,Active,31080.29867399746,23685.6,ACC-000258;ACC-000259
ACC-000261,CUST-000111,Savings,BR-000148,2024-05-03,INR,Active,410.50673688503605,2309.27,ACC-000262
ACC-000262,CUST-000111,Savings,BR-000148,2024-04-03,INR,Active,74.66626118548298,1389.64,ACC-000261
ACC-000263,CUST-000112,Savings,BR-000073,2023-09-28,INR,Active,422.35659912737606,24884.99,ACC-000264;ACC-000265
ACC-000264,CUST-000112,Current,BR-000073,2022-01-14,INR,Active,10.56938228215764,2731.22,ACC-000263;ACC-000265
ACC-000265,CUST-000112,Savings,BR-000073,2020-05-19,GBP,Active,299.67997203633195,11315.9,ACC-000263;ACC-000264
ACC-000266,CUST-000113,Current,BR-000150,2023-03-12,AED,Active,2124635.6345444936,2159809.27,ACC-000267;ACC-000268;ACC-000269;ACC-000270
ACC-000267,CUST-000113,Business,BR-000150,2024-03-21,INR,Active,629339.1484364637,629339.15,ACC-000266;ACC-000268;ACC-000269;ACC-000270
ACC-000268,CUST-000113,Current,BR-000150,2024-02-22,INR,Active,951139.693842543,1068440.12,ACC-000266;ACC-000267;ACC-000269;ACC-000270
ACC-000269,CUST-000113,Business,BR-000150,2024-11-02,INR,Active,1041356.0441115026,825087.35,ACC-000266;ACC-000267;ACC-000268;ACC-000270
ACC-000270,CUST-000113,Current,BR-000150,2024-05-09,INR,Active,45463.00256359653,391851.79,ACC-000266;ACC-000267;ACC-000268;ACC-000269
ACC-000271,CUST-000114,Current,BR-000052,2023-05-19,INR,Active,0.0007089108646144622,5932.23,
ACC-000272,CUST-000115,Investment,BR-000016,2024-05-31,INR,Active,334734.549571238,297677.83,
ACC-000273,CUST-000116,Savings,BR-000088,2022-07-15,USD,Active,25111.733662722112,45043.98,ACC-000274
ACC-000274,CUST-000116,Savings,BR-000088,2022-09-13,INR,Active,2668.7310295600355,2535.1,ACC-000273
ACC-000275,CUST-000117,Current,BR-000033,2024-09-29,USD,Active,0.18734031175866983,398.44,ACC-000276;ACC-000277
ACC-000276,CUST-000117,Current,BR-000033,2023-10-28,INR,Dormant,30343.05,30343.05,ACC-000275;ACC-000277
ACC-000277,CUST-000117,Current,BR-000033,2022-01-28,GBP,Active,67.84810194482998,4937.68,ACC-000275;ACC-000276
ACC-000278,CUST-000118,Savings,BR-000112,2024-10-09,INR,Active,3448.526817372078,23143.93,ACC-000279
ACC-000279,CUST-000118,Current,BR-000112,2024-07-02,USD,Active,720.4234784698228,6529.88,ACC-000278
ACC-000280,CUST-000119,Business,BR-000063,2023-11-23,INR,Active,476790.84843792,593941.39,ACC-000281;ACC-000282;ACC-000283;ACC-000284
ACC-000281,CUST-000119,Business,BR-000063,2024-05-09,USD,Active,1342800.9050368317,1548947.58,ACC-000280;ACC-000282;ACC-000283;ACC-000284
ACC-000282,CUST-000119,Current,BR-000063,2024-11-23,EUR,Active,326098.45,326098.45,ACC-000280;ACC-000281;ACC-000283;ACC-000284
ACC-000283,CUST-000119,Current,BR-000063,2024-09-18,INR,Active,794250.9960262912,904936.17,ACC-000280;ACC-000281;ACC-000282;ACC-000284
ACC-000284,CUST-000119,Business,BR-000063,2024-03-29,AED,Active,483446.11359731597,394959.03,ACC-000280;ACC-000281;ACC-000282;ACC-000283
ACC-000285,CUST-000120,Savings,BR-000041,2023-08-22,INR,Active,0.01324762152849751,56797.6,
ACC-000286,CUST-000121,Savings,BR-000074,2024-05-26,EUR,Active,85011.04883090605,88300.59,ACC-000287;ACC-000288
ACC-000287,CUST-000121,Savings,BR-000074,2023-12-03,INR,Active,45250.32261654131,59282.33,ACC-000286;ACC-000288
ACC-000288,CUST-000121,Savings,BR-000074,2023-04-14,INR,Active,141710.45445767796,148740.66,ACC-000286;ACC-000287
ACC-000289,CUST-000122,Savings,BR-000174,2022-02-01,GBP,Active,0.009076485547948238,9076.79,ACC-000290
ACC-000290,CUST-000122,Current,BR-000174,2020-01-28,INR,Active,4316.530147266265,23156.83,ACC-000289
ACC-000291,CUST-000123,Current,BR-000121,2022-02-18,INR,Dormant,690167.6874401866,350369.01,
ACC-000292,CUST-000124,Savings,BR-000026,2023-10-15,EUR,Active,4292.999398101496,13593.1,
ACC-000293,CUST-000125,Savings,BR-000058,2021-06-23,INR,Active,4.815948492949676,554.86,ACC-000294;ACC-000295
ACC-000294,CUST-000125,Current,BR-000058,2023-11-19,INR,Active,4546529.49875821,3937361.66,ACC-000293;ACC-000295
ACC-000295,CUST-000125,Savings,BR-000058,2023-01-07,INR,Active,9698.294816664758,28459.77,ACC-000293;ACC-000294
ACC-000296,CUST-000126,Current,BR-000081,2024-11-18,AED,Active,2668.829987064709,85844.57,ACC-000297;ACC-000298;ACC-000299;ACC-000300
ACC-000297,CUST-000126,Current,BR-000081,2024-02-22,USD,Active,282141.0789844413,334437.23,ACC-000296;ACC-000298;ACC-000299;ACC-000300
ACC-000298,CUST-000126,Current,BR-000081,2023-05-05,USD,Active,1980728.896604943,2041550.85,ACC-000296;ACC-000297;ACC-000299;ACC-000300
ACC-000299,CUST-000126,Business,BR-000081,2023-06-04,USD,Active,995346.0984564347,1196086.81,ACC-000296;ACC-000297;ACC-000298;ACC-000300
ACC-000300,CUST-000126,Current,BR-000081,2024-06-26,INR,Dormant,1558515.57,1558515.57,ACC-000296;ACC-000297;ACC-000298;ACC-000299
ACC-000301,CUST-000127,Savings,BR-000173,2024-08-29,INR,Active,8178.452973846797,133503.39,ACC-000302
ACC-000302,CUST-000127,Savings,BR-000173,2024-09-17,EUR,Active,150323.50458002416,177444.22,ACC-000301
ACC-000303,CUST-000128,Current,BR-000014,2023-07-03,INR,Active,669.4921322832133,6589.26,
ACC-000304,CUST-000129,Savings,BR-000168,2024-10-28,AED,Active,878.4372889793012,2062.34,
ACC-000305,CUST-000130,Current,BR-000027,2022-09-11,INR,Active,15385.470811078725,12275.0,
ACC-000306,CUST-000131,Savings,BR-000080,2024-11-20,AED,Active,3692177.882832029,2658726.68,ACC-000307;ACC-000308
ACC-000307,CUST-000131,Savings,BR-000080,2024-03-02,INR,Active,42607.67602884717,59474.37,ACC-000306;ACC-000308
ACC-000308,CUST-000131,Savings,BR-000080,2023-07-08,GBP,Dormant,36786.8,36786.8,ACC-000306;ACC-000307
ACC-000309,CUST-000132,Savings,BR-000025,2022-09-19,INR,Active,564.8172509337378,3311.97,
ACC-000310,CUST-000133,Current,BR-000082,2024-09-04,INR,Active,436.22586807511607,24174.47,ACC-000311
ACC-000311,CUST-000133,Current,BR-000082,2024-08-16,INR,Active,1127.3098583191827,10231.82,ACC-000310
ACC-000312,CUST-000134,Savings,BR-000168,2019-09-28,GBP,Active,26092.587661938574,37423.13,ACC-000313;ACC-000314
ACC-000313,CUST-000134,Savings,BR-000168,2024-08-06,GBP,Active,99448.46381862267,93566.7,ACC-000312;ACC-000314
ACC-000314,CUST-000134,Savings,BR-000168,2024-10-31,INR,Active,44033.91150598248,50939.66,ACC-000312;ACC-000313
ACC-000315,CUST-000135,Savings,BR-000027,2023-07-08,GBP,Active,362.0821196687575,46681.91,ACC-000316
ACC-000316,CUST-000135,Savings,BR-000027,2024-03-10,INR,Dormant,155722.9223676109,155722.92,ACC-000315
ACC-000317,CUST-000136,Savings,BR-000169,2023-08-31,EUR,Active,9.805288597440331,20055.69,
ACC-000318,CUST-000137,Current,BR-000050,2024-11-10,AED,Active,44678.6989679215,42619.59,ACC-000319
ACC-000319,CUST-000137,Current,BR-000050,2023-10-22,GBP,Active,10130.092602067321,10130.09,ACC-000318
ACC-000320,CUST-000138,Savings,BR-000121,2024-08-22,USD,Active,21688.9670235503,32027.89,ACC-000321
ACC-000321,CUST-000138,Savings,BR-000121,2024-09-28,USD,Active,82843.52930925456,89330.5,ACC-000320
ACC-000322,CUST-000139,Current,BR-000101,2024-01-04,AED,Active,108262.2050224715,90662.66,ACC-000323;ACC-000324;ACC-000325;ACC-000326
ACC-000323,CUST-000139,Current,BR-000101,2023-05-31,GBP,Active,435752.4374960703,816789.61,ACC-000322;ACC-000324;ACC-000325;ACC-000326
ACC-000324,CUST-000139,Business,BR-000101,2024-12-12,INR,Active,550111.7767239802,394569.16,ACC-000322;ACC-000323;ACC-000325;ACC-000326
ACC-000325,CUST-000139,Current,BR-000101,2024-08-14,USD,Active,39589.878665162134,148770.13,ACC-000322;ACC-000323;ACC-000324;ACC-000326
ACC-000326,CUST-000139,Business,BR-000101,2024-06-08,EUR,Active,1099540.1930463088,970566.34,ACC-000322;ACC-000323;ACC-000324;ACC-000325
ACC-000327,CUST-000140,Business,BR-000029,2024-09-07,USD,Active,285565.7980334354,378970.66,ACC-000328;ACC-000329;ACC-000330;ACC-000331
ACC-000328,CUST-000140,Current,BR-000029,2024-11-26,INR,Active,11479.923911128513,402194.66,ACC-000327;ACC-000329;ACC-000330;ACC-000331
ACC-000329,CUST-000140,Business,BR-000029,2024-10-30,INR,Active,18.478218185909665,146299.08,ACC-000327;ACC-000328;ACC-000330;ACC-000331
ACC-000330,CUST-000140,Business,BR-000029,2024-12-12,EUR,Active,689985.8501291953,936019.07,ACC-000327;ACC-000328;ACC-000329;ACC-000331
ACC-000331,CUST-000140,Current,BR-000029,2024-10-01,GBP,Active,1633627.783730733,1633627.78,ACC-000327;ACC-000328;ACC-000329;ACC-000330
ACC-000332,CUST-000141,Current,BR-000006,2024-08-27,INR,Dormant,288468.02,288468.02,ACC-000333
ACC-000333,CUST-000141,Investment,BR-000006,2024-12-11,INR,Active,0.03554825075110546,128600.53,ACC-000332
ACC-000334,CUST-000142,Current,BR-000166,2024-08-15,USD,Active,2.90935936540337,3996.5,ACC-000335
ACC-000335,CUST-000142,Savings,BR-000166,2021-03-18,INR,Active,11736.511650483244,34447.39,ACC-000334
ACC-000336,CUST-000143,Current,BR-000088,2021-02-05,INR,Active,1628038.9269046227,1734226.23,ACC-000337;ACC-000338;ACC-000339;ACC-000340
ACC-000337,CUST-000143,Current,BR-000088,2021-09-08,INR,Active,23087.44588779984,212924.54,ACC-000336;ACC-000338;ACC-000339;ACC-000340
ACC-000338,CUST-000143,Business,BR-000088,2023-08-15,INR,Active,307095.8425859462,375937.39,ACC-000336;ACC-000337;ACC-000339;ACC-000340
ACC-000339,CUST-000143,Current,BR-000088,2021-10-12,AED,Active,44319.24333500845,81576.34,ACC-000336;ACC-000337;ACC-000338;ACC-000340
ACC-000340,CUST-000143,Current,BR-000088,2023-01-04,INR,Active,221395.8295440171,175647.75,ACC-000336;ACC-000337;ACC-000338;ACC-000339
ACC-000341,CUST-000144,Current,BR-000175,2024-08-13,INR,Active,1625.784817763069,9049.04,ACC-000342;ACC-000343
ACC-000342,CUST-000144,Savings,BR-000175,2024-03-31,GBP,Active,7411.53320115888,10891.12,ACC-000341;ACC-000343
ACC-000343,CUST-000144,Current,BR-000175,2024-01-17,INR,Active,0.3148359341698669,7391.1,ACC-000341;ACC-000342
ACC-000344,CUST-000145,Current,BR-000010,2024-11-29,AED,Active,22.106116789394747,33130.23,ACC-000345
ACC-000345,CUST-000145,Current,BR-000010,2024-06-02,GBP,Active,13401.580508674375,11020.74,ACC-000344
ACC-000346,CUST-000146,Savings,BR-000103,2024-01-11,USD,Active,10057.879230897803,5499.08,ACC-000347;ACC-000348
ACC-000347,CUST-000146,Current,BR-000103,2023-01-15,INR,Dormant,434625.5965048001,434625.6,ACC-000346;ACC-000348
ACC-000348,CUST-000146,Savings,BR-000103,2023-06-18,INR,Active,0.7789164225242631,5706.05,ACC-000346;ACC-000347
ACC-000349,CUST-000147,Current,BR-000060,2021-11-09,INR,Active,13170.52748172202,17706.6,
ACC-000350,CUST-000148,Current,BR-000060,2024-10-03,INR,Active,63.60553488695322,18436.72,
ACC-000351,CUST-000149,Current,BR-000117,2022-06-29,INR,Active,15.790633867610747,3876.79,ACC-000352;ACC-000353
ACC-000352,CUST-000149,Current,BR-000117,2023-08-06,INR,Active,2.8145407799755766,2982.23,ACC-000351;ACC-000353
ACC-000353,CUST-000149,Savings,BR-000117,2023-05-12,INR,Active,141.93832998525443,4258.73,ACC-000351;ACC-000352
ACC-000354,CUST-000150,Savings,BR-000019,2023-09-07,EUR,Active,2936.674903050509,2760.61,
ACC-000355,CUST-000151,Savings,BR-000084,2024-09-23,GBP,Active,95882.85088476216,100812.97,ACC-000356;ACC-000357
ACC-000356,CUST-000151,Savings,BR-000084,2024-05-20,GBP,Active,132286.62616016995,135111.55,ACC-000355;ACC-000357
ACC-000357,CUST-000151,Savings,BR-000084,2023-12-26,INR,Active,103803.98245039489,119772.19,ACC-000355;ACC-000356
ACC-000358,CUST-000152,Current,BR-000048,2023-03-28,INR,Active,3371.613640281854,14455.2,ACC-000359
ACC-000359,CUST-000152,Savings,BR-000048,2021-04-15,EUR,Active,1054.0711881237362,2420.31,ACC-000358
ACC-000360,CUST-000153,Current,BR-000134,2023-11-04,INR,Active,252274.43574452784,262962.28,ACC-000361;ACC-000362;ACC-000363;ACC-000364
ACC-000361,CUST-000153,Current,BR-000134,2023-03-02,INR,Active,119955.00484414108,227780.73,ACC-000360;ACC-000362;ACC-000363;ACC-000364
ACC-000362,CUST-000153,Current,BR-000134,2024-08-17,INR,Active,318918.80498793535,526554.74,ACC-000360;ACC-000361;ACC-000363;ACC-000364
ACC-000363,CUST-000153,Current,BR-000134,2023-02-08,INR,Active,1072250.0158059113,929990.36,ACC-000360;ACC-000361;ACC-000362;ACC-000364
ACC-000364,CUST-000153,Current,BR-000134,2024-08-14,GBP,Active,102085.45764636106,206385.97,ACC-000360;ACC-000361;ACC-000362;ACC-000363
ACC-000365,CUST-000154,Current,BR-000154,2024-09-27,INR,Active,1025418.4402848359,1005240.44,ACC-000366;ACC-000367
ACC-000366,CUST-000154,Current,BR-000154,2024-04-01,INR,Active,131212.84050139907,440726.98,ACC-000365;ACC-000367
ACC-000367,CUST-000154,Investment,BR-000154,2023-12-23,INR,Active,66.12779297067783,79302.28,ACC-000365;ACC-000366
ACC-000368,CUST-000155,Savings,BR-000174,2023-03-15,INR,Active,20308.103277513692,20664.84,ACC-000369;ACC-000370
ACC-000369,CUST-000155,Savings,BR-000174,2021-05-23,INR,Active,7983.571564429867,8274.08,ACC-000368;ACC-000370
ACC-000370,CUST-000155,Savings,BR-000174,2020-07-28,USD,Active,10019.514952786247,22205.53,ACC-000368;ACC-000369
ACC-000371,CUST-000156,Current,BR-000084,2024-01-02,INR,Active,14311.021652717689,15530.76,
ACC-000372,CUST-000157,Current,BR-000063,2024-03-30,INR,Active,6604.906384323431,8344.67,
ACC-000373,CUST-000158,Current,BR-000038,2020-05-26,USD,Active,70575.98283503219,73642.9,ACC-000374;ACC-000375
ACC-000374,CUST-000158,Savings,BR-000038,2024-06-26,INR,Active,4537.864799606602,22833.03,ACC-000373;ACC-000375
ACC-000375,CUST-000158,Savings,BR-000038,2023-04-13,INR,Active,10446.803302954959,11087.78,ACC-000373;ACC-000374
ACC-000376,CUST-000159,Investment,BR-000102,2024-07-27,GBP,Active,327654.8138256833,614993.44,ACC-000377
ACC-000377,CUST-000159,Investment,BR-000102,2023-12-03,INR,Active,1451.5779744842457,142328.65,ACC-000376
ACC-000378,CUST-000160,Current,BR-000097,2024-10-29,INR,Active,52360.06042850272,81942.91,ACC-000379;ACC-000380;ACC-000381;ACC-000382
ACC-000379,CUST-000160,Business,BR-000097,2024-10-15,INR,Active,827620.9696143647,869454.09,ACC-000378;ACC-000380;ACC-000381;ACC-000382
ACC-000380,CUST-000160,Business,BR-000097,2024-12-06,INR,Active,13992.587504156512,191417.58,ACC-000378;ACC-000379;ACC-000381;ACC-000382
ACC-000381,CUST-000160,Business,BR-000097,2024-09-28,INR,Active,205734.16997785785,309885.34,ACC-000378;ACC-000379;ACC-000380;ACC-000382
ACC-000382,CUST-000160,Current,BR-000097,2024-06-22,AED,Active,1647349.3471831211,1647349.35,ACC-000378;ACC-000379;ACC-000380;ACC-000381
ACC-000383,CUST-000161,Current,BR-000018,2022-08-13,INR,Active,50534.82994739069,45614.58,ACC-000384
ACC-000384,CUST-000161,Current,BR-000018,2022-07-07,INR,Active,24.65472655765676,7733.28,ACC-000383
ACC-000385,CUST-000162,Current,BR-000008,2024-06-25,INR,Active,25.00133480182717,2546.27,ACC-000386;ACC-000387
ACC-000386,CUST-000162,Savings,BR-000008,2024-12-10,USD,Active,1407.0484120451438,38050.28,ACC-000385;ACC-000387
ACC-000387,CUST-000162,Current,BR-000008,2024-05-23,INR,Active,1281.5572238878058,42194.6,ACC-000385;ACC-000386
ACC-000388,CUST-000163,Current,BR-000048,2021-08-25,GBP,Active,165.65394716887522,15794.21,
ACC-000389,CUST-000164,Savings,BR-000070,2024-02-08,INR,Active,27.79963058260575,182561.25,ACC-000390
ACC-000390,CUST-000164,Savings,BR-000070,2022-10-08,INR,Active,93.00565756378103,181527.78,ACC-000389
ACC-000391,CUST-000165,Current,BR-000174,2020-07-31,EUR,Active,15991.799299424427,435187.59,ACC-000392;ACC-000393;ACC-000394;ACC-000395
ACC-000392,CUST-000165,Business,BR-000174,2023-01-18,EUR,Active,272359.5066843695,537363.69,ACC-000391;ACC-000393;ACC-000394;ACC-000395
ACC-000393,CUST-000165,Business,BR-000174,2021-10-28,EUR,Active,465164.15338844084,682358.49,ACC-000391;ACC-000392;ACC-000394;ACC-000395
ACC-000394,CUST-000165,Business,BR-000174,2023-10-13,INR,Dormant,2087190.1138506853,1935372.38,ACC-000391;ACC-000392;ACC-000393;ACC-000395
ACC-000395,CUST-000165,Current,BR-000174,2024-07-01,INR,Active,840618.6817228788,991835.78,ACC-000391;ACC-000392;ACC-000393;ACC-000394
ACC-000396,CUST-000166,Savings,BR-000018,2024-09-14,USD,Active,51.78082628373738,10735.64,
ACC-000397,CUST-000167,Business,BR-000011,2020-03-16,INR,Active,1332394.180067247,1879625.68,ACC-000398;ACC-000399;ACC-000400;ACC-000401
ACC-000398,CUST-000167,Current,BR-000011,2022-04-25,USD,Active,857465.9478823143,1220808.26,ACC-000397;ACC-000399;ACC-000400;ACC-000401
ACC-000399,CUST-000167,Current,BR-000011,2023-11-15,INR,Active,1219875.0345502142,1296654.39,ACC-000397;ACC-000398;ACC-000400;ACC-000401
ACC-000400,CUST-000167,Business,BR-000011,2022-04-14,USD,Active,1743853.826646394,1872813.42,ACC-000397;ACC-000398;ACC-000399;ACC-000401
ACC-000401,CUST-000167,Current,BR-000011,2020-05-02,INR,Active,2581083.664566212,2689727.95,ACC-000397;ACC-000398;ACC-000399;ACC-000400
ACC-000402,CUST-000168,Business,BR-000104,2021-05-29,INR,Active,46266.66465335642,244114.25,ACC-000403;ACC-000404;ACC-000405;ACC-000406
ACC-000403,CUST-000168,Business,BR-000104,2024-07-15,INR,Active,739948.6450090458,768910.78,ACC-000402;ACC-000404;ACC-000405;ACC-000406
ACC-000404,CUST-000168,Business,BR-000104,2023-12-04,INR,Active,250599.28849777524,519501.59,ACC-000402;ACC-000403;ACC-000405;ACC-000406
ACC-000405,CUST-000168,Current,BR-000104,2024-10-08,USD,Active,622043.0571073437,520673.09,ACC-000402;ACC-000403;ACC-000404;ACC-000406
ACC-000406,CUST-000168,Business,BR-000104,2023-12-25,AED,Active,1066737.7937346247,1172581.45,ACC-000402;ACC-000403;ACC-000404;ACC-000405
ACC-000407,CUST-000169,Savings,BR-000156,2023-07-14,INR,Active,14479.53625261398,136796.16,ACC-000408
ACC-000408,CUST-000169,Savings,BR-000156,2023-06-30,INR,Active,384187.52818422543,499346.67,ACC-000407
ACC-000409,CUST-000170,Savings,BR-000129,2024-10-31,GBP,Active,2488.5031518740307,4638.44,ACC-000410;ACC-000411
ACC-000410,CUST-000170,Current,BR-000129,2024-06-20,INR,Active,3721.118935905637,13614.82,ACC-000409;ACC-000411
ACC-000411,CUST-000170,Current,BR-000129,2024-08-03,INR,Active,60474.45442930482,61064.5,ACC-000409;ACC-000410
ACC-000412,CUST-000171,Savings,BR-000146,2024-05-18,INR,Active,2798.650593698176,15853.73,ACC-000413
ACC-000413,CUST-000171,Savings,BR-000146,2021-12-24,INR,Active,127914.0801738236,137653.28,ACC-000412
ACC-000414,CUST-000172,Current,BR-000099,2024-11-27,USD,Active,254023.7457393553,267548.85,
ACC-000415,CUST-000173,Savings,BR-000095,2024-08-31,INR,Active,15560.37137576117,8621.45,
ACC-000416,CUST-000174,Current,BR-000030,2024-11-04,USD,Active,260.04640862946326,16396.29,
ACC-000417,CUST-000175,Savings,BR-000123,2024-09-09,GBP,Active,228.46382416651704,46049.68,
ACC-000418,CUST-000176,Current,BR-000158,2019-10-14,GBP,Active,93110.46712159313,289598.0,ACC-000419;ACC-000420;ACC-000421;ACC-000422
ACC-000419,CUST-000176,Current,BR-000158,2023-03-01,INR,Active,1028166.281205551,898529.54,ACC-000418;ACC-000420;ACC-000421;ACC-000422
ACC-000420,CUST-000176,Current,BR-000158,2022-11-18,INR,Active,369131.75278680254,472342.53,ACC-000418;ACC-000419;ACC-000421;ACC-000422
ACC-000421,CUST-000176,Business,BR-000158,2021-01-25,INR,Active,1326960.0756139455,1377140.58,ACC-000418;ACC-000419;ACC-000420;ACC-000422
ACC-000422,CUST-000176,Business,BR-000158,2021-03-23,USD,Active,1779.0162779623633,42055.97,ACC-000418;ACC-000419;ACC-000420;ACC-000421
ACC-000423,CUST-000177,Savings,BR-000043,2024-11-19,EUR,Active,19050.090406754854,24796.68,ACC-000424
ACC-000424,CUST-000177,Current,BR-000043,2024-11-17,INR,Active,13163.933728355467,21301.91,ACC-000423
ACC-000425,CUST-000178,Current,BR-000015,2023-05-25,GBP,Active,12968.909753800704,289061.14,
ACC-000426,CUST-000179,Business,BR-000149,2024-07-15,GBP,Active,1334317.45,1334317.45,ACC-000427;ACC-000428;ACC-000429;ACC-000430
ACC-000427,CUST-000179,Business,BR-000149,2023-09-01,GBP,Active,1189245.2290708895,1364842.34,ACC-000426;ACC-000428;ACC-000429;ACC-000430
ACC-000428,CUST-000179,Business,BR-000149,2023-07-25,INR,Active,754138.4826213855,625245.2,ACC-000426;ACC-000427;ACC-000429;ACC-000430
ACC-000429,CUST-000179,Current,BR-000149,2024-11-03,GBP,Active,3221643.771079264,3000303.34,ACC-000426;ACC-000427;ACC-000428;ACC-000430
ACC-000430,CUST-000179,Current,BR-000149,2023-01-22,INR,Active,312369.38966497255,390565.83,ACC-000426;ACC-000427;ACC-000428;ACC-000429
ACC-000431,CUST-000180,Current,BR-000023,2022-07-21,INR,Active,72077.06996670604,99672.4,ACC-000432
ACC-000432,CUST-000180,Savings,BR-000023,2022-04-29,INR,Active,13568.140614227912,7855.37,ACC-000431
ACC-000433,CUST-000181,Savings,BR-000026,2024-12-07,EUR,Dormant,244543.41846935716,244543.42,
ACC-000434,CUST-000182,Savings,BR-000154,2024-08-18,EUR,Active,8.250737414323297,9875.76,
ACC-000435,CUST-000183,Savings,BR-000043,2024-07-29,USD,Active,161770.93340513855,219557.26,ACC-000436
ACC-000436,CUST-000183,Savings,BR-000043,2024-07-18,INR,Active,121451.20722959167,137776.45,ACC-000435
ACC-000437,CUST-000184,Savings,BR-000136,2023-04-08,INR,Active,3864383.7480633436,3814850.33,ACC-000438
ACC-000438,CUST-000184,Current,BR-000136,2023-08-30,GBP,Active,270270.6892159707,466927.75,ACC-000437
ACC-000439,CUST-000185,Savings,BR-000145,2023-10-31,INR,Active,7894.143879095005,10196.71,
ACC-000440,CUST-000186,Savings,BR-000088,2024-05-29,INR,Active,32545.38626552125,32648.88,ACC-000441;ACC-000442
ACC-000441,CUST-000186,Savings,BR-000088,2022-09-30,INR,Active,6.834632611024464,6796.0,ACC-000440;ACC-000442
ACC-000442,CUST-000186,Savings,BR-000088,2022-01-05,INR,Active,22297.903775471572,40478.92,ACC-000440;ACC-000441
ACC-000443,CUST-000187,Current,BR-000085,2024-10-30,INR,Active,37102.380666900666,202378.2,
ACC-000444,CUST-000188,Savings,BR-000120,2021-12-07,GBP,Active,1081.3796578220465,1086.28,
ACC-000445,CUST-000189,Current,BR-000155,2024-11-12,INR,Active,6243.379275235746,26016.08,ACC-000446;ACC-000447
ACC-000446,CUST-000189,Current,BR-000155,2024-11-26,EUR,Active,631.9854821533406,8474.13,ACC-000445;ACC-000447
ACC-000447,CUST-000189,Current,BR-000155,2024-12-16,INR,Active,36384.18968285705,28259.35,ACC-000445;ACC-000446
ACC-000448,CUST-000190,Savings,BR-000174,2021-10-28,USD,Active,27.210823571762987,2057.66,ACC-000449;ACC-000450
ACC-000449,CUST-000190,Savings,BR-000174,2023-07-25,INR,Active,0.0033407064901248666,56.5,ACC-000448;ACC-000450
ACC-000450,CUST-000190,Savings,BR-000174,2022-04-26,GBP,Active,2873.7381176256654,2180.68,ACC-000448;ACC-000449
ACC-000451,CUST-000191,Savings,BR-000144,2022-05-26,INR,Active,1510.4072268561852,3239.02,ACC-000452
ACC-000452,CUST-000191,Savings,BR-000144,2022-04-24,INR,Active,170.34746160578257,2123.77,ACC-000451
ACC-000453,CUST-000192,Current,BR-000099,2024-10-25,AED,Active,2.5946641366940923,18855.7,ACC-000454;ACC-000455;ACC-000456;ACC-000457
ACC-000454,CUST-000192,Business,BR-000099,2021-12-19,AED,Active,612484.3904571341,834445.15,ACC-000453;ACC-000455;ACC-000456;ACC-000457
ACC-000455,CUST-000192,Business,BR-000099,2022-10-30,USD,Active,606192.1310244168,1032374.17,ACC-000453;ACC-000454;ACC-000456;ACC-000457
ACC-000456,CUST-000192,Business,BR-000099,2019-07-20,EUR,Active,429198.76799031673,547445.11,ACC-000453;ACC-000454;ACC-000455;ACC-000457
ACC-000457,CUST-000192,Current,BR-000099,2024-05-01,INR,Active,468969.50998191105,527080.32,ACC-000453;ACC-000454;ACC-000455;ACC-000456
ACC-000458,CUST-000193,Savings,BR-000032,2022-03-18,INR,Active,4489.984959537633,3885.49,
ACC-000459,CUST-000194,Current,BR-000094,2023-04-14,INR,Active,7520.646867677016,7180.58,ACC-000460;ACC-000461
ACC-000460,CUST-000194,Current,BR-000094,2023-07-21,INR,Active,10484.366045328912,6845.31,ACC-000459;ACC-000461
ACC-000461,CUST-000194,Savings,BR-000094,2024-03-04,USD,Active,25989.11899220741,45230.5,ACC-000459;ACC-000460
ACC-000462,CUST-000195,Savings,BR-000051,2024-08-15,EUR,Active,24657.1177897023,60037.61,
ACC-000463,CUST-000196,Savings,BR-000017,2024-06-08,INR,Active,0.4094017707721517,15818.05,
ACC-000464,CUST-000197,Business,BR-000151,2024-12-05,INR,Active,1640887.4768282496,1819975.08,ACC-000465;ACC-000466;ACC-000467;ACC-000468
ACC-000465,CUST-000197,Business,BR-000151,2024-12-10,INR,Active,1002359.459342487,997644.58,ACC-000464;ACC-000466;ACC-000467;ACC-000468
ACC-000466,CUST-000197,Business,BR-000151,2024-09-03,INR,Active,7024843.9993714355,4705297.2,ACC-000464;ACC-000465;ACC-000467;ACC-000468
ACC-000467,CUST-000197,Business,BR-000151,2024-11-03,INR,Active,1986033.4790074616,2367319.68,ACC-000464;ACC-000465;ACC-000466;ACC-000468
ACC-000468,CUST-000197,Current,BR-000151,2024-09-15,USD,Active,1228893.359966424,1713159.01,ACC-000464;ACC-000465;ACC-000466;ACC-000467
ACC-000469,CUST-000198,Business,BR-000102,2023-09-22,EUR,Active,2879091.8232216,2879091.82,ACC-000470;ACC-000471;ACC-000472;ACC-000473
ACC-000470,CUST-000198,Business,BR-000102,2023-03-02,INR,Active,862756.0162835822,1007602.05,ACC-000469;ACC-000471;ACC-000472;ACC-000473
ACC-000471,CUST-000198,Current,BR-000102,2023-12-24,INR,Active,1195648.2914518658,1214368.4,ACC-000469;ACC-000470;ACC-000472;ACC-000473
ACC-000472,CUST-000198,Current,BR-000102,2023-02-10,INR,Active,3554541.862542888,3537629.7,ACC-000469;ACC-000470;ACC-000471;ACC-000473
ACC-000473,CUST-000198,Business,BR-000102,2023-07-01,INR,Active,2475876.948111391,2581804.39,ACC-000469;ACC-000470;ACC-000471;ACC-000472
ACC-000474,CUST-000199,Current,BR-000020,2021-05-13,INR,Active,9.37629264081702,6111.38,ACC-000475
ACC-000475,CUST-000199,Current,BR-000020,2021-06-05,GBP,Active,3.720507580137891,10059.55,ACC-000474
ACC-000476,CUST-000200,Current,BR-000154,2021-05-07,INR,Active,3.061527488680561,5742.02,
ACC-000477,CUST-000201,Business,BR-000044,2021-08-05,INR,Active,37217.24720668909,537283.18,ACC-000478;ACC-000479;ACC-000480;ACC-000481
ACC-000478,CUST-000201,Current,BR-000044,2021-05-25,INR,Active,816416.9530511361,1141873.19,ACC-000477;ACC-000479;ACC-000480;ACC-000481
ACC-000479,CUST-000201,Current,BR-000044,2023-07-07,INR,Active,1553589.5820245012,1756825.78,ACC-000477;ACC-000478;ACC-000480;ACC-000481
ACC-000480,CUST-000201,Business,BR-000044,2021-03-27,USD,Active,472489.1475094785,706623.05,ACC-000477;ACC-000478;ACC-000479;ACC-000481
ACC-000481,CUST-000201,Current,BR-000044,2023-02-27,GBP,Active,976123.8668911927,1293828.67,ACC-000477;ACC-000478;ACC-000479;ACC-000480
ACC-000482,CUST-000202,Current,BR-000168,2023-07-18,INR,Active,4386.7084967351175,8721.56,ACC-000483
ACC-000483,CUST-000202,Current,BR-000168,2024-05-13,INR,Active,63.70382349595525,10883.04,ACC-000482
ACC-000484,CUST-000203,Savings,BR-000166,2023-01-13,INR,Active,11718.25615462336,61043.0,
ACC-000485,CUST-000204,Savings,BR-000029,2022-04-09,USD,Active,44040.79750799161,54554.95,ACC-000486;ACC-000487
ACC-000486,CUST-000204,Current,BR-000029,2024-03-02,GBP,Active,664.0531884927973,13157.97,ACC-000485;ACC-000487
ACC-000487,CUST-000204,Savings,BR-000029,2020-05-29,INR,Active,2406.8103629270454,23297.71,ACC-000485;ACC-000486
ACC-000488,CUST-000205,Savings,BR-000110,2024-08-12,AED,Dormant,23345.78,23345.78,ACC-000489
ACC-000489,CUST-000205,Current,BR-000110,2020-07-29,INR,Active,6190.959771960789,4543.01,ACC-000488
ACC-000490,CUST-000206,Savings,BR-000068,2024-04-24,USD,Active,18293.92838042774,38166.97,ACC-000491
ACC-000491,CUST-000206,Savings,BR-000068,2023-04-26,AED,Active,176342.9253783271,187474.93,ACC-000490
ACC-000492,CUST-000207,Savings,BR-000044,2024-05-12,INR,Active,117480.26118915333,124704.05,ACC-000493;ACC-000494
ACC-000493,CUST-000207,Savings,BR-000044,2024-04-01,INR,Active,145949.2352462825,136763.24,ACC-000492;ACC-000494
ACC-000494,CUST-000207,Savings,BR-000044,2024-09-12,EUR,Active,56039.383844962256,60038.73,ACC-000492;ACC-000493
ACC-000495,CUST-000208,Savings,BR-000066,2021-08-04,INR,Active,107200.10939458173,109555.89,ACC-000496;ACC-000497
ACC-000496,CUST-000208,Savings,BR-000066,2021-12-21,INR,Active,109371.60735147713,117997.45,ACC-000495;ACC-000497
ACC-000497,CUST-000208,Savings,BR-000066,2019-12-23,INR,Active,53055.973851914474,70080.12,ACC-000495;ACC-000496
ACC-000498,CUST-000209,Savings,BR-000176,2024-03-04,GBP,Active,468144.29116111394,497895.78,ACC-000499
ACC-000499,CUST-000209,Savings,BR-000176,2023-02-19,USD,Active,34691.43706619077,234161.77,ACC-000498
ACC-000500,CUST-000210,Current,BR-000027,2022-05-20,AED,Active,43971.135423135966,43971.14,ACC-000501;ACC-000502
ACC-000501,CUST-000210,Savings,BR-000027,2022-01-09,INR,Active,1130.9386705310567,24371.88,ACC-000500;ACC-000502
ACC-000502,CUST-000210,Savings,BR-000027,2021-06-26,INR,Active,3130.2876726463182,4579.58,ACC-000500;ACC-000501
ACC-000503,CUST-000211,Current,BR-000046,2022-03-13,EUR,Active,10724.120679774574,20727.13,
ACC-000504,CUST-000212,Savings,BR-000117,2023-12-16,INR,Active,233244.54653652225,383338.41,
ACC-000505,CUST-000213,Current,BR-000029,2023-08-27,INR,Active,767466.3299257859,857766.83,
ACC-000506,CUST-000214,Current,BR-000148,2024-07-04,AED,Active,29154.805897268678,33896.44,ACC-000507
ACC-000507,CUST-000214,Current,BR-000148,2023-12-03,USD,Active,30347.705746330943,30020.8,ACC-000506
ACC-000508,CUST-000215,Savings,BR-000136,2024-08-15,AED,Active,928.0662009661974,10365.42,ACC-000509;ACC-000510
ACC-000509,CUST-000215,Current,BR-000136,2024-04-12,INR,Active,33351.63852464136,35542.99,ACC-000508;ACC-000510
ACC-000510,CUST-000215,Savings,BR-000136,2024-08-09,INR,Active,2934.1795150983125,10115.9,ACC-000508;ACC-000509
ACC-000511,CUST-000216,Savings,BR-000056,2022-10-20,INR,Active,71659.45053574786,80040.51,ACC-000512
ACC-000512,CUST-000216,Savings,BR-000056,2023-04-19,INR,Active,97069.01801111663,117161.03,ACC-000511
ACC-000513,CUST-000217,Current,BR-000110,2024-11-09,USD,Active,121252.09465724247,42571.25,
ACC-000514,CUST-000218,Current,BR-000164,2024-11-23,USD,Dormant,647904.2965955711,490334.14,ACC-000515
ACC-000515,CUST-000218,Savings,BR-000164,2024-08-31,INR,Active,362.5106149791586,18273.48,ACC-000514
ACC-000516,CUST-000219,Savings,BR-000107,2022-11-07,INR,Active,1867760.1494256696,2039144.72,ACC-000517;ACC-000518
ACC-000517,CUST-000219,Investment,BR-000107,2023-02-12,INR,Active,295765.07083533745,371138.27,ACC-000516;ACC-000518
ACC-000518,CUST-000219,Current,BR-000107,2023-09-03,INR,Active,149992.71331342493,412768.43,ACC-000516;ACC-000517
ACC-000519,CUST-000220,Current,BR-000146,2024-05-05,INR,Active,816.442826093547,2849.18,
ACC-000520,CUST-000221,Savings,BR-000136,2024-12-09,GBP,Active,8410.470000022076,6198.91,
ACC-000521,CUST-000222,Current,BR-000015,2024-10-06,INR,Active,381.2601117423785,4392.57,
ACC-000522,CUST-000223,Savings,BR-000034,2024-10-31,GBP,Active,13012.936452267923,34139.41,
ACC-000523,CUST-000224,Business,BR-000164,2024-06-12,INR,Active,1474055.2628469898,1496793.89,ACC-000524;ACC-000525;ACC-000526;ACC-000527
ACC-000524,CUST-000224,Current,BR-000164,2024-07-17,USD,Active,28294.48333380917,185534.76,ACC-000523;ACC-000525;ACC-000526;ACC-000527
ACC-000525,CUST-000224,Business,BR-000164,2024-11-19,INR,Active,1594226.9970820108,1565121.38,ACC-000523;ACC-000524;ACC-000526;ACC-000527
ACC-000526,CUST-000224,Business,BR-000164,2024-04-16,INR,Active,654422.9404449738,675491.23,ACC-000523;ACC-000524;ACC-000525;ACC-000527
ACC-000527,CUST-000224,Current,BR-000164,2023-09-11,INR,Active,370195.08667309827,370195.09,ACC-000523;ACC-000524;ACC-000525;ACC-000526
ACC-000528,CUST-000225,Current,BR-000124,2024-10-02,INR,Active,580.5840187848834,14310.41,ACC-000529
ACC-000529,CUST-000225,Savings,BR-000124,2023-12-01,INR,Dormant,89118.5,89118.5,ACC-000528
ACC-000530,CUST-000226,Savings,BR-000049,2023-04-25,EUR,Active,0.0003732531885038458,1428.28,
ACC-000531,CUST-000227,Current,BR-000013,2020-02-09,USD,Active,374404.97323597426,452509.48,ACC-000532;ACC-000533;ACC-000534;ACC-000535
ACC-000532,CUST-000227,Current,BR-000013,2023-12-16,INR,Active,1123325.256334313,1206179.59,ACC-000531;ACC-000533;ACC-000534;ACC-000535
ACC-000533,CUST-000227,Current,BR-000013,2019-12-10,INR,Active,520911.56534379977,688196.79,ACC-000531;ACC-000532;ACC-000534;ACC-000535
ACC-000534,CUST-000227,Current,BR-000013,2021-03-16,INR,Active,1693874.385736224,2001879.71,ACC-000531;ACC-000532;ACC-000533;ACC-000535
ACC-000535,CUST-000227,Business,BR-000013,2023-06-30,INR,Active,990426.7873555046,1071432.69,ACC-000531;ACC-000532;ACC-000533;ACC-000534
ACC-000536,CUST-000228,Savings,BR-000014,2021-12-03,INR,Active,101573.02478907298,121686.5,ACC-000537
ACC-000537,CUST-000228,Savings,BR-000014,2021-01-29,USD,Active,221610.20061991856,263531.87,ACC-000536
ACC-000538,CUST-000229,Business,BR-000136,2024-08-04,INR,Active,13888.564179269713,108806.26,ACC-000539;ACC-000540;ACC-000541;ACC-000542
ACC-000539,CUST-000229,Business,BR-000136,2022-12-13,INR,Active,1308443.4464710008,1344905.81,ACC-000538;ACC-000540;ACC-000541;ACC-000542
ACC-000540,CUST-000229,Current,BR-000136,2023-01-20,INR,Active,348432.62295296136,348432.62,ACC-000538;ACC-000539;ACC-000541;ACC-000542
ACC-000541,CUST-000229,Business,BR-000136,2023-12-19,USD,Active,648840.2527160408,762586.13,ACC-000538;ACC-000539;ACC-000540;ACC-000542
ACC-000542,CUST-000229,Business,BR-000136,2023-08-30,INR,Active,2190573.79678754,2127868.56,ACC-000538;ACC-000539;ACC-000540;ACC-000541
ACC-000543,CUST-000230,Savings,BR-000087,2022-11-08,AED,Active,1.1227688782098908,1034.92,ACC-000544
ACC-000544,CUST-000230,Current,BR-000087,2024-06-10,INR,Active,11372.225951558234,40169.95,ACC-000543
ACC-000545,CUST-000231,Current,BR-000151,2023-07-29,EUR,Active,183.28534796365682,64909.09,ACC-000546;ACC-000547
ACC-000546,CUST-000231,Savings,BR-000151,2022-08-10,USD,Active,356116.89080745913,417569.48,ACC-000545;ACC-000547
ACC-000547,CUST-000231,Investment,BR-000151,2024-10-30,USD,Active,8157.322905831425,195975.17,ACC-000545;ACC-000546
ACC-000548,CUST-000232,Savings,BR-000109,2021-10-14,GBP,Active,0.20482164395963198,3973.88,ACC-000549
ACC-000549,CUST-000232,Current,BR-000109,2024-04-27,INR,Active,59.26925296156389,11552.83,ACC-000548
ACC-000550,CUST-000233,Savings,BR-000062,2024-04-18,INR,Active,2244.0913910291474,12640.02,ACC-000551
ACC-000551,CUST-000233,Current,BR-000062,2021-12-30,INR,Active,1465.5080701444624,5242.62,ACC-000550
ACC-000552,CUST-000234,Current,BR-000169,2024-01-30,INR,Dormant,142630.14653133976,142630.15,ACC-000553
ACC-000553,CUST-000234,Savings,BR-000169,2024-09-20,EUR,Active,3.434030534212649,9479.61,ACC-000552
ACC-000554,CUST-000235,Savings,BR-000169,2022-11-22,INR,Active,993.537401413706,12057.67,ACC-000555
ACC-000555,CUST-000235,Current,BR-000169,2023-12-15,INR,Active,1760.8906032965679,11163.82,ACC-000554
ACC-000556,CUST-000236,Savings,BR-000012,2024-11-22,INR,Dormant,25422.15,25422.15,ACC-000557
ACC-000557,CUST-000236,Current,BR-000012,2024-08-23,GBP,Active,0.012029097270709166,12481.51,ACC-000556
ACC-000558,CUST-000237,Savings,BR-000075,2022-12-09,AED,Active,107441.7202160271,117233.34,
ACC-000559,CUST-000238,Business,BR-000078,2020-07-20,GBP,Active,527731.005114066,989186.59,ACC-000560;ACC-000561;ACC-000562;ACC-000563
ACC-000560,CUST-000238,Current,BR-000078,2022-06-14,GBP,Active,585499.6908877636,665454.4,ACC-000559;ACC-000561;ACC-000562;ACC-000563
ACC-000561,CUST-000238,Current,BR-000078,2023-01-27,USD,Active,1737650.6038547822,1906591.86,ACC-000559;ACC-000560;ACC-000562;ACC-000563
ACC-000562,CUST-000238,Business,BR-000078,2022-08-24,INR,Active,484878.62106771173,754361.01,ACC-000559;ACC-000560;ACC-000561;ACC-000563
ACC-000563,CUST-000238,Business,BR-000078,2022-05-04,EUR,Active,1776961.880496975,1821717.13,ACC-000559;ACC-000560;ACC-000561;ACC-000562
ACC-000564,CUST-000239,Current,BR-000057,2024-10-26,INR,Active,577.7735680437219,9956.41,ACC-000565
ACC-000565,CUST-000239,Savings,BR-000057,2024-11-04,INR,Active,31.60271670790989,9824.71,ACC-000564
ACC-000566,CUST-000240,Current,BR-000110,2019-08-31,EUR,Active,3687092.275436597,1464997.1,ACC-000567;ACC-000568
ACC-000567,CUST-000240,Current,BR-000110,2022-04-23,GBP,Active,410.01911298666664,25301.95,ACC-000566;ACC-000568
ACC-000568,CUST-000240,Current,BR-000110,2023-08-10,USD,Active,27056.93746930555,34041.06,ACC-000566;ACC-000567
ACC-000569,CUST-000241,Savings,BR-000151,2023-01-14,GBP,Active,2246.34429063674,22887.07,ACC-000570
ACC-000570,CUST-000241,Current,BR-000151,2023-04-24,GBP,Active,932794.7683316806,74052.23,ACC-000569
ACC-000571,CUST-000242,Savings,BR-000158,2023-01-04,EUR,Dormant,19602.72,19602.72,ACC-000572
ACC-000572,CUST-000242,Savings,BR-000158,2024-01-22,USD,Active,52220.63456991066,63448.64,ACC-000571
ACC-000573,CUST-000243,Savings,BR-000138,2021-01-14,GBP,Active,0.00011284428284925613,695.59,ACC-000574
ACC-000574,CUST-000243,Savings,BR-000138,2022-08-15,INR,Active,2.932269604177657,2504.47,ACC-000573
ACC-000575,CUST-000244,Current,BR-000057,2023-06-05,INR,Active,36.181828336416764,30177.63,ACC-000576;ACC-000577
ACC-000576,CUST-000244,Current,BR-000057,2023-10-19,INR,Active,10222.58258624269,10204.39,ACC-000575;ACC-000577
ACC-000577,CUST-000244,Savings,BR-000057,2022-03-16,AED,Active,36921.92860256121,51998.03,ACC-000575;ACC-000576
ACC-000578,CUST-000245,Savings,BR-000153,2023-11-11,EUR,Active,3905.370910898054,23091.19,ACC-000579
ACC-000579,CUST-000245,Savings,BR-000153,2023-07-17,INR,Active,564.9976882839364,13237.75,ACC-000578
ACC-000580,CUST-000246,Current,BR-000037,2023-01-19,GBP,Active,52264.848242611326,63559.8,ACC-000581
ACC-000581,CUST-000246,Savings,BR-000037,2024-02-06,GBP,Active,10039.101087470011,8224.55,ACC-000580
ACC-000582,CUST-000247,Current,BR-000014,2020-04-24,INR,Active,216.03114086166715,4823.11,
ACC-000583,CUST-000248,Savings,BR-000091,2022-12-18,INR,Active,12856.130287665164,3477.99,
ACC-000584,CUST-000249,Current,BR-000154,2023-11-20,USD,Active,9325.548262033979,42401.61,ACC-000585;ACC-000586
ACC-000585,CUST-000249,Current,BR-000154,2022-02-17,EUR,Active,5667.611794412089,14205.98,ACC-000584;ACC-000586
ACC-000586,CUST-000249,Current,BR-000154,2023-09-25,USD,Active,5585.56762092278,3237.68,ACC-000584;ACC-000585
ACC-000587,CUST-000250,Current,BR-000176,2023-07-05,INR,Active,63733.82488389999,63660.33,ACC-000588;ACC-000589
ACC-000588,CUST-000250,Savings,BR-000176,2021-11-02,INR,Active,42125.54603624955,45975.32,ACC-000587;ACC-000589
ACC-000589,CUST-000250,Current,BR-000176,2021-09-20,INR,Active,3912.674234485866,9119.84,ACC-000587;ACC-000588
ACC-000590,CUST-000251,Current,BR-000157,2023-02-15,GBP,Active,9263.479082754864,45529.41,ACC-000591
ACC-000591,CUST-000251,Current,BR-000157,2024-08-29,AED,Active,4876.2462810717025,17021.4,ACC-000590
ACC-000592,CUST-000252,Current,BR-000167,2024-05-11,USD,Active,15969.710000622923,4559.91,
ACC-000593,CUST-000253,Savings,BR-000056,2021-09-05,INR,Active,0.312839755230968,2650.03,
ACC-000594,CUST-000254,Savings,BR-000079,2023-09-05,INR,Active,43137.45040472453,61347.6,
ACC-000595,CUST-000255,Current,BR-000095,2024-10-17,INR,Active,1361123.9755028177,1692212.37,ACC-000596;ACC-000597;ACC-000598;ACC-000599
ACC-000596,CUST-000255,Current,BR-000095,2024-11-03,INR,Active,759781.6982318547,910618.4,ACC-000595;ACC-000597;ACC-000598;ACC-000599
ACC-000597,CUST-000255,Current,BR-000095,2024-09-05,USD,Active,1409034.7834269474,1699163.66,ACC-000595;ACC-000596;ACC-000598;ACC-000599
ACC-000598,CUST-000255,Business,BR-000095,2024-11-11,INR,Active,4456511.4655245,4578381.22,ACC-000595;ACC-000596;ACC-000597;ACC-000599
ACC-000599,CUST-000255,Business,BR-000095,2024-09-02,USD,Active,2473733.2315191105,2552732.55,ACC-000595;ACC-000596;ACC-000597;ACC-000598
ACC-000600,CUST-000256,Business,BR-000101,2024-08-21,USD,Active,868637.3554171411,801402.13,ACC-000601;ACC-000602;ACC-000603;ACC-000604
ACC-000601,CUST-000256,Current,BR-000101,2024-04-12,USD,Active,355825.0618368556,540291.34,ACC-000600;ACC-000602;ACC-000603;ACC-000604
ACC-000602,CUST-000256,Business,BR-000101,2024-09-10,INR,Active,698164.423521725,848183.75,ACC-000600;ACC-000601;ACC-000603;ACC-000604
ACC-000603,CUST-000256,Current,BR-000101,2024-08-18,INR,Active,226796.63459085513,242372.88,ACC-000600;ACC-000601;ACC-000602;ACC-000604
ACC-000604,CUST-000256,Current,BR-000101,2024-11-07,USD,Active,1101711.9668201422,1271408.04,ACC-000600;ACC-000601;ACC-000602;ACC-000603
ACC-000605,CUST-000257,Savings,BR-000031,2024-04-27,INR,Active,12654.538322017583,10405.91,
ACC-000606,CUST-000258,Savings,BR-000150,2022-05-01,GBP,Active,2762.410096333151,1911.75,ACC-000607;ACC-000608
ACC-000607,CUST-000258,Savings,BR-000150,2024-08-12,INR,Active,284.08047332122044,1476.85,ACC-000606;ACC-000608
ACC-000608,CUST-000258,Savings,BR-000150,2023-02-10,INR,Active,3.6960992398286665,409.83,ACC-000606;ACC-000607
ACC-000609,CUST-000259,Current,BR-000159,2023-08-14,INR,Active,0.4278125278390822,10110.11,ACC-000610
ACC-000610,CUST-000259,Savings,BR-000159,2023-05-19,INR,Active,62641.87748048529,94975.43,ACC-000609
ACC-000611,CUST-000260,Savings,BR-000062,2022-06-09,USD,Active,0.28699532125718163,5019.57,
ACC-000612,CUST-000261,Savings,BR-000174,2023-08-11,INR,Active,11.1643870813366,1959.87,
ACC-000613,CUST-000262,Savings,BR-000069,2024-11-23,INR,Active,0.7632079481107095,1015.09,ACC-000614
ACC-000614,CUST-000262,Savings,BR-000069,2024-12-09,INR,Active,4007.7358415656795,2466.1,ACC-000613
ACC-000615,CUST-000263,Savings,BR-000087,2024-05-26,INR,Active,27856.41254683287,93397.48,
ACC-000616,CUST-000264,Current,BR-000079,2024-12-05,USD,Active,24885.028910947418,58463.62,ACC-000617
ACC-000617,CUST-000264,Current,BR-000079,2021-10-04,INR,Active,22737.056478337552,57241.64,ACC-000616
ACC-000618,CUST-000265,Current,BR-000059,2019-06-06,AED,Active,21090.5109747759,63362.04,
ACC-000619,CUST-000266,Current,BR-000072,2020-09-23,EUR,Active,1424246.7048636877,1537506.67,ACC-000620;ACC-000621;ACC-000622;ACC-000623
ACC-000620,CUST-000266,Current,BR-000072,2020-12-20,USD,Active,1396692.2187416968,1566032.4,ACC-000619;ACC-000621;ACC-000622;ACC-000623
ACC-000621,CUST-000266,Current,BR-000072,2020-06-27,GBP,Active,1048716.2460018343,1405791.58,ACC-000619;ACC-000620;ACC-000622;ACC-000623
ACC-000622,CUST-000266,Business,BR-000072,2022-02-11,EUR,Active,5776731.512487725,6158500.22,ACC-000619;ACC-000620;ACC-000621;ACC-000623
ACC-000623,CUST-000266,Business,BR-000072,2021-02-11,INR,Active,1305754.9259011836,1623163.64,ACC-000619;ACC-000620;ACC-000621;ACC-000622
ACC-000624,CUST-000267,Current,BR-000147,2022-08-20,INR,Dormant,2687660.0066010375,2377134.42,ACC-000625;ACC-000626;ACC-000627;ACC-000628
ACC-000625,CUST-000267,Current,BR-000147,2023-11-05,INR,Active,1966467.5956859435,1941361.71,ACC-000624;ACC-000626;ACC-000627;ACC-000628
ACC-000626,CUST-000267,Current,BR-000147,2022-06-09,INR,Active,2382895.591630767,2418132.11,ACC-000624;ACC-000625;ACC-000627;ACC-000628
ACC-000627,CUST-000267,Current,BR-000147,2022-07-10,INR,Active,162894.69419688816,197460.24,ACC-000624;ACC-000625;ACC-000626;ACC-000628
ACC-000628,CUST-000267,Current,BR-000147,2020-04-16,INR,Active,2024525.3335297077,2149903.34,ACC-000624;ACC-000625;ACC-000626;ACC-000627
ACC-000629,CUST-000268,Savings,BR-000044,2024-01-04,INR,Active,15457.168070221082,5629.43,ACC-000630
ACC-000630,CUST-000268,Savings,BR-000044,2024-09-21,INR,Dormant,805259.6616063525,805259.66,ACC-000629
ACC-000631,CUST-000269,Savings,BR-000038,2021-08-13,INR,Active,1.200131481374286,3541.82,ACC-000632;ACC-000633
ACC-000632,CUST-000269,Savings,BR-000038,2022-09-22,USD,Active,20714.470233119537,20714.47,ACC-000631;ACC-000633
ACC-000633,CUST-000269,Savings,BR-000038,2023-12-07,AED,Active,596.2078517151679,5028.68,ACC-000631;ACC-000632
ACC-000634,CUST-000270,Current,BR-000053,2021-11-21,INR,Active,51507.3724197132,65335.48,ACC-000635
ACC-000635,CUST-000270,Savings,BR-000053,2020-04-06,INR,Active,3773.845947544977,21428.47,ACC-000634
ACC-000636,CUST-000271,Current,BR-000033,2020-11-24,INR,Active,128403.28052878132,122006.45,ACC-000637;ACC-000638
ACC-000637,CUST-000271,Savings,BR-000033,2024-01-10,USD,Dormant,108075.85,108075.85,ACC-000636;ACC-000638
ACC-000638,CUST-000271,Current,BR-000033,2023-07-05,INR,Active,0.003983710560283512,6543.54,ACC-000636;ACC-000637
ACC-000639,CUST-000272,Current,BR-000054,2023-03-14,EUR,Active,0.029225358685336683,27049.57,ACC-000640;ACC-000641
ACC-000640,CUST-000272,Investment,BR-000054,2022-04-25,EUR,Active,321705.10391000536,354305.75,ACC-000639;ACC-000641
ACC-000641,CUST-000272,Investment,BR-000054,2020-05-02,INR,Active,999618.4692495788,1000590.15,ACC-000639;ACC-000640
ACC-000642,CUST-000273,Savings,BR-000155,2022-01-24,INR,Active,4917.640800797944,99518.42,
ACC-000643,CUST-000274,Savings,BR-000092,2024-04-16,USD,Active,119.63057359134007,982.03,ACC-000644;ACC-000645
ACC-000644,CUST-000274,Savings,BR-000092,2023-06-18,EUR,Active,2.2397692831996885,1453.45,ACC-000643;ACC-000645
ACC-000645,CUST-000274,Savings,BR-000092,2023-12-17,INR,Active,2.589534131071,936.98,ACC-000643;ACC-000644
ACC-000646,CUST-000275,Current,BR-000161,2024-11-13,USD,Active,158218.8422349602,227887.58,ACC-000647;ACC-000648;ACC-000649;ACC-000650
ACC-000647,CUST-000275,Business,BR-000161,2024-06-13,INR,Active,201032.00244967366,427096.04,ACC-000646;ACC-000648;ACC-000649;ACC-000650
ACC-000648,CUST-000275,Current,BR-000161,2023-03-11,INR,Active,967965.6017823276,1097403.15,ACC-000646;ACC-000647;ACC-000649;ACC-000650
ACC-000649,CUST-000275,Business,BR-000161,2024-02-14,INR,Active,675007.0828278126,1065387.97,ACC-000646;ACC-000647;ACC-000648;ACC-000650
ACC-000650,CUST-000275,Business,BR-000161,2023-11-16,USD,Active,769078.0827015018,823059.66,ACC-000646;ACC-000647;ACC-000648;ACC-000649
ACC-000651,CUST-000276,Business,BR-000045,2023-05-02,GBP,Active,211971.11447534623,404080.54,ACC-000652;ACC-000653;ACC-000654;ACC-000655
ACC-000652,CUST-000276,Business,BR-000045,2021-04-15,USD,Active,93364.98327482183,198643.93,ACC-000651;ACC-000653;ACC-000654;ACC-000655
ACC-000653,CUST-000276,Current,BR-000045,2022-11-08,USD,Active,363030.50659335474,471523.91,ACC-000651;ACC-000652;ACC-000654;ACC-000655
ACC-000654,CUST-000276,Current,BR-000045,2021-10-01,INR,Active,572939.3745517068,640219.77,ACC-000651;ACC-000652;ACC-000653;ACC-000655
ACC-000655,CUST-000276,Current,BR-000045,2021-07-05,EUR,Active,681808.5851712117,833916.96,ACC-000651;ACC-000652;ACC-000653;ACC-000654
ACC-000656,CUST-000277,Savings,BR-000166,2023-06-16,GBP,Active,43217.57567233756,85058.37,
ACC-000657,CUST-000278,Current,BR-000168,2024-04-14,INR,Active,11505.78349965165,2504.13,
ACC-000658,CUST-000279,Current,BR-000075,2020-08-08,INR,Active,1725412.4967670268,1660033.66,ACC-000659;ACC-000660;ACC-000661;ACC-000662
ACC-000659,CUST-000279,Current,BR-000075,2024-05-15,GBP,Active,564366.1188211894,661781.91,ACC-000658;ACC-000660;ACC-000661;ACC-000662
ACC-000660,CUST-000279,Current,BR-000075,2020-10-30,USD,Active,9494.517318924656,9494.52,ACC-000658;ACC-000659;ACC-000661;ACC-000662
ACC-000661,CUST-000279,Current,BR-000075,2023-10-27,USD,Active,521500.87277534284,629325.28,ACC-000658;ACC-000659;ACC-000660;ACC-000662
ACC-000662,CUST-000279,Current,BR-000075,2022-11-14,AED,Active,533052.3055667767,584031.75,ACC-000658;ACC-000659;ACC-000660;ACC-000661
ACC-000663,CUST-000280,Savings,BR-000022,2019-11-06,INR,Active,42023.446652152255,55055.5,
ACC-000664,CUST-000281,Current,BR-000141,2022-12-05,USD,Active,40.99157898776811,21345.03,ACC-000665
ACC-000665,CUST-000281,Savings,BR-000141,2024-10-06,INR,Active,83959.11414331349,85867.19,ACC-000664
ACC-000666,CUST-000282,Savings,BR-000143,2021-08-13,EUR,Active,1042598.2480345658,898248.39,ACC-000667
ACC-000667,CUST-000282,Savings,BR-000143,2022-11-15,EUR,Active,519267.85779085674,499618.41,ACC-000666
ACC-000668,CUST-000283,Savings,BR-000076,2024-11-30,INR,Active,24816.738500343097,40346.47,ACC-000669;ACC-000670
ACC-000669,CUST-000283,Savings,BR-000076,2024-05-02,INR,Active,68732.24968935092,86210.84,ACC-000668;ACC-000670
ACC-000670,CUST-000283,Savings,BR-000076,2024-09-09,INR,Active,13808.401702697265,20243.07,ACC-000668;ACC-000669
ACC-000671,CUST-000284,Current,BR-000013,2022-08-17,INR,Active,3754.740582528182,30929.99,ACC-000672;ACC-000673
ACC-000672,CUST-000284,Savings,BR-000013,2022-01-23,INR,Active,3147.7773003939415,9801.39,ACC-000671;ACC-000673
ACC-000673,CUST-000284,Current,BR-000013,2023-03-15,INR,Active,8.917730060327841,2325.62,ACC-000671;ACC-000672
ACC-000674,CUST-000285,Business,BR-000040,2021-04-29,EUR,Dormant,1449918.540065025,1158208.08,ACC-000675;ACC-000676;ACC-000677;ACC-000678
ACC-000675,CUST-000285,Business,BR-000040,2020-09-12,USD,Active,86811.80400491788,17358.09,ACC-000674;ACC-000676;ACC-000677;ACC-000678
ACC-000676,CUST-000285,Business,BR-000040,2023-03-28,USD,Active,338198.9250274218,431754.24,ACC-000674;ACC-000675;ACC-000677;ACC-000678
ACC-000677,CUST-000285,Business,BR-000040,2024-09-11,INR,Dormant,2260688.428704636,2260688.43,ACC-000674;ACC-000675;ACC-000676;ACC-000678
ACC-000678,CUST-000285,Current,BR-000040,2024-01-06,INR,Active,34247.53996994984,244775.71,ACC-000674;ACC-000675;ACC-000676;ACC-000677
ACC-000679,CUST-000286,Current,BR-000046,2022-03-18,USD,Active,9937.642437954608,62268.78,ACC-000680;ACC-000681
ACC-000680,CUST-000286,Current,BR-000046,2023-07-04,INR,Active,95.17819607691223,5944.1,ACC-000679;ACC-000681
ACC-000681,CUST-000286,Savings,BR-000046,2022-06-01,INR,Active,13098.193660307663,34883.94,ACC-000679;ACC-000680
ACC-000682,CUST-000287,Savings,BR-000075,2020-01-26,EUR,Active,231.88857865294017,4078.2,ACC-000683;ACC-000684
ACC-000683,CUST-000287,Current,BR-000075,2021-06-17,INR,Active,10445.214689713968,16160.91,ACC-000682;ACC-000684
ACC-000684,CUST-000287,Current,BR-000075,2020-01-15,INR,Active,6229.324879330154,35877.02,ACC-000682;ACC-000683
ACC-000685,CUST-000288,Savings,BR-000119,2020-09-09,INR,Active,5621.629261252545,32039.99,ACC-000686;ACC-000687
ACC-000686,CUST-000288,Current,BR-000119,2021-08-25,INR,Active,0.8740037458672407,7866.71,ACC-000685;ACC-000687
ACC-000687,CUST-000288,Savings,BR-000119,2020-04-11,INR,Active,513.4535171666835,12104.09,ACC-000685;ACC-000686
ACC-000688,CUST-000289,Investment,BR-000095,2022-04-25,INR,Active,780905.1059620796,871953.82,ACC-000689
ACC-000689,CUST-000289,Current,BR-000095,2023-01-10,INR,Active,261466.14635896875,313191.56,ACC-000688
ACC-000690,CUST-000290,Savings,BR-000071,2024-08-19,INR,Active,2918.019017393271,851.6,ACC-000691;ACC-000692
ACC-000691,CUST-000290,Savings,BR-000071,2023-11-06,EUR,Active,2380.917317254707,4104.52,ACC-000690;ACC-000692
ACC-000692,CUST-000290,Savings,BR-000071,2024-05-13,INR,Active,242.66785591823623,835.56,ACC-000690;ACC-000691
ACC-000693,CUST-000291,Business,BR-000134,2022-05-24,INR,Active,1969561.8830020793,2380545.47,ACC-000694;ACC-000695;ACC-000696;ACC-000697
ACC-000694,CUST-000291,Business,BR-000134,2021-10-13,EUR,Active,228448.22770798852,603091.39,ACC-000693;ACC-000695;ACC-000696;ACC-000697
ACC-000695,CUST-000291,Current,BR-000134,2023-07-30,INR,Active,1352247.3571577673,1933381.34,ACC-000693;ACC-000694;ACC-000696;ACC-000697
ACC-000696,CUST-000291,Current,BR-000134,2022-05-26,INR,Active,1968512.7153794044,1968512.72,ACC-000693;ACC-000694;ACC-000695;ACC-000697
ACC-000697,CUST-000291,Current,BR-000134,2021-11-25,INR,Active,3023917.1752511016,3081491.35,ACC-000693;ACC-000694;ACC-000695;ACC-000696
ACC-000698,CUST-000292,Savings,BR-000143,2023-10-12,USD,Dormant,30723.69,30723.69,ACC-000699;ACC-000700
ACC-000699,CUST-000292,Current,BR-000143,2022-10-30,USD,Active,2582.862186812469,2860.76,ACC-000698;ACC-000700
ACC-000700,CUST-000292,Savings,BR-000143,2023-05-11,INR,Active,5087.58756810733,3840.34,ACC-000698;ACC-000699
ACC-000701,CUST-000293,Savings,BR-000060,2021-04-20,GBP,Active,62810.07245325063,63268.88,ACC-000702
ACC-000702,CUST-000293,Current,BR-000060,2024-03-13,INR,Active,17128.921936897048,11727.6,ACC-000701
ACC-000703,CUST-000294,Savings,BR-000177,2023-09-15,GBP,Dormant,33237.33,33237.33,
ACC-000704,CUST-000295,Current,BR-000112,2023-02-19,INR,Active,9928.97962275963,21523.32,ACC-000705;ACC-000706
ACC-000705,CUST-000295,Savings,BR-000112,2024-01-13,USD,Active,30288.60687765377,36381.88,ACC-000704;ACC-000706
ACC-000706,CUST-000295,Current,BR-000112,2023-09-06,INR,Active,39897.47779935443,49290.52,ACC-000704;ACC-000705
ACC-000707,CUST-000296,Savings,BR-000024,2022-01-23,INR,Active,36.06748596334211,9987.65,
ACC-000708,CUST-000297,Savings,BR-000024,2023-11-10,EUR,Active,93846.8222295775,106508.43,ACC-000709;ACC-000710
ACC-000709,CUST-000297,Savings,BR-000024,2023-12-21,USD,Active,217521.41571268812,225890.01,ACC-000708;ACC-000710
ACC-000710,CUST-000297,Savings,BR-000024,2024-01-13,INR,Active,244241.00114720815,252626.99,ACC-000708;ACC-000709
ACC-000711,CUST-000298,Savings,BR-000051,2022-08-20,USD,Dormant,3157.45,3157.45,ACC-000712;ACC-000713
ACC-000712,CUST-000298,Savings,BR-000051,2024-02-12,USD,Active,1.8888118803056821,918.66,ACC-000711;ACC-000713
ACC-000713,CUST-000298,Savings,BR-000051,2023-05-20,USD,Active,8911.704625797214,10971.17,ACC-000711;ACC-000712
ACC-000714,CUST-000299,Current,BR-000075,2024-10-22,EUR,Active,11745.7610218837,52260.88,
ACC-000715,CUST-000300,Savings,BR-000145,2023-04-17,EUR,Active,236803.5081738501,287855.22,
ACC-000716,CUST-000301,Savings,BR-000094,2024-03-22,GBP,Active,1027.9171851308738,2696.64,ACC-000717
ACC-000717,CUST-000301,Savings,BR-000094,2024-02-02,INR,Active,148.37937517583123,2266.42,ACC-000716
ACC-000718,CUST-000302,Business,BR-000071,2024-04-21,INR,Dormant,274861.39,274861.39,ACC-000719;ACC-000720;ACC-000721;ACC-000722
ACC-000719,CUST-000302,Current,BR-000071,2023-03-11,INR,Active,195596.63783524165,433181.7,ACC-000718;ACC-000720;ACC-000721;ACC-000722
ACC-000720,CUST-000302,Business,BR-000071,2024-08-28,GBP,Active,207517.06195943014,63460.02,ACC-000718;ACC-000719;ACC-000721;ACC-000722
ACC-000721,CUST-000302,Business,BR-000071,2023-02-07,INR,Active,859915.3757793177,831575.58,ACC-000718;ACC-000719;ACC-000720;ACC-000722
ACC-000722,CUST-000302,Current,BR-000071,2022-06-30,USD,Active,507761.98999112536,497880.68,ACC-000718;ACC-000719;ACC-000720;ACC-000721
ACC-000723,CUST-000303,Savings,BR-000070,2021-04-04,INR,Active,0.006410458347916483,9041.42,
ACC-000724,CUST-000304,Savings,BR-000130,2024-12-14,INR,Active,0.0034029877938317014,11345.58,
ACC-000725,CUST-000305,Savings,BR-000040,2024-07-08,GBP,Active,33491.21264022409,52147.89,ACC-000726
ACC-000726,CUST-000305,Current,BR-000040,2022-04-12,INR,Active,38390.271699286735,49000.59,ACC-000725
ACC-000727,CUST-000306,Current,BR-000009,2024-12-03,INR,Active,4080575.617227241,4080575.62,ACC-000728;ACC-000729;ACC-000730;ACC-000731
ACC-000728,CUST-000306,Business,BR-000009,2024-09-26,USD,Active,580728.7353059042,1446709.31,ACC-000727;ACC-000729;ACC-000730;ACC-000731
ACC-000729,CUST-000306,Current,BR-000009,2024-10-15,INR,Active,3440027.1968542994,3489731.23,ACC-000727;ACC-000728;ACC-000730;ACC-000731
ACC-000730,CUST-000306,Business,BR-000009,2024-11-14,USD,Active,566803.1506972123,695729.49,ACC-000727;ACC-000728;ACC-000729;ACC-000731
ACC-000731,CUST-000306,Current,BR-000009,2024-11-17,EUR,Active,2534842.6234316328,2534842.62,ACC-000727;ACC-000728;ACC-000729;ACC-000730
ACC-000732,CUST-000307,Savings,BR-000093,2024-11-18,INR,Active,37704.584417427206,42613.9,ACC-000733;ACC-000734
ACC-000733,CUST-000307,Savings,BR-000093,2024-11-07,INR,Active,20889.67886412848,28499.51,ACC-000732;ACC-000734
ACC-000734,CUST-000307,Current,BR-000093,2024-09-11,EUR,Active,2831.9482539416304,7223.52,ACC-000732;ACC-000733
ACC-000735,CUST-000308,Savings,BR-000114,2022-01-30,USD,Active,68.89145102974179,244.54,
ACC-000736,CUST-000309,Current,BR-000142,2021-03-24,INR,Active,40363.682909247305,23903.7,
ACC-000737,CUST-000310,Current,BR-000128,2024-05-22,INR,Active,21638.12671579112,28697.82,ACC-000738;ACC-000739
ACC-000738,CUST-000310,Savings,BR-000128,2024-11-15,INR,Active,6.14086154339525,8323.26,ACC-000737;ACC-000739
ACC-000739,CUST-000310,Savings,BR-000128,2022-07-23,USD,Active,980.7639117751505,25989.0,ACC-000737;ACC-000738
ACC-000740,CUST-000311,Savings,BR-000127,2022-03-15,INR,Active,84.54874978806129,21813.59,ACC-000741
ACC-000741,CUST-000311,Current,BR-000127,2024-11-17,INR,Active,1567.5073721464787,4385.76,ACC-000740
ACC-000742,CUST-000312,Savings,BR-000167,2023-06-05,INR,Active,85.6751349142549,16416.06,ACC-000743
ACC-000743,CUST-000312,Current,BR-000167,2024-12-16,USD,Active,65.37861718091276,12032.2,ACC-000742
ACC-000744,CUST-000313,Current,BR-000043,2024-11-22,GBP,Active,9.104316010745862,8017.16,
ACC-000745,CUST-000314,Savings,BR-000013,2024-11-21,INR,Active,5.909020934093952,7320.31,ACC-000746
ACC-000746,CUST-000314,Savings,BR-000013,2023-07-05,USD,Active,1497.9181770496687,1038.82,ACC-000745
ACC-000747,CUST-000315,Current,BR-000021,2019-06-07,INR,Active,81980.72396055987,74161.61,ACC-000748;ACC-000749;ACC-000750;ACC-000751
ACC-000748,CUST-000315,Business,BR-000021,2023-03-26,INR,Active,87625.27196840316,151898.37,ACC-000747;ACC-000749;ACC-000750;ACC-000751
ACC-000749,CUST-000315,Business,BR-000021,2024-08-22,GBP,Active,1940179.1983324292,2017278.13,ACC-000747;ACC-000748;ACC-000750;ACC-000751
ACC-000750,CUST-000315,Current,BR-000021,2020-07-24,USD,Active,973701.0514233366,933041.47,ACC-000747;ACC-000748;ACC-000749;ACC-000751
ACC-000751,CUST-000315,Current,BR-000021,2021-11-26,INR,Active,307663.77446648275,275176.4,ACC-000747;ACC-000748;ACC-000749;ACC-000750
ACC-000752,CUST-000316,Savings,BR-000156,2023-04-06,INR,Active,35192.864778893985,36748.94,
ACC-000753,CUST-000317,Current,BR-000155,2023-05-21,INR,Active,9454.926801680715,18671.17,
ACC-000754,CUST-000318,Savings,BR-000035,2022-04-13,INR,Active,319.2476988560137,3939.55,
ACC-000755,CUST-000319,Current,BR-000171,2024-11-02,INR,Active,13607.858860336806,11404.61,
ACC-000756,CUST-000320,Business,BR-000125,2020-10-16,INR,Active,1030152.8255777594,1167370.08,ACC-000757;ACC-000758;ACC-000759;ACC-000760
ACC-000757,CUST-000320,Business,BR-000125,2020-07-10,USD,Active,1367423.3118144928,1442146.45,ACC-000756;ACC-000758;ACC-000759;ACC-000760
ACC-000758,CUST-000320,Current,BR-000125,2021-11-15,GBP,Active,1168208.0873215497,1118203.07,ACC-000756;ACC-000757;ACC-000759;ACC-000760
ACC-000759,CUST-000320,Business,BR-000125,2024-12-16,EUR,Active,516966.62493734766,915670.12,ACC-000756;ACC-000757;ACC-000758;ACC-000760
ACC-000760,CUST-000320,Current,BR-000125,2021-06-12,INR,Active,1798482.863117034,1728306.89,ACC-000756;ACC-000757;ACC-000758;ACC-000759
ACC-000761,CUST-000321,Savings,BR-000167,2023-06-13,AED,Active,547.6805793287992,18258.15,ACC-000762
ACC-000762,CUST-000321,Savings,BR-000167,2023-06-28,USD,Active,34780.92321274304,29645.3,ACC-000761
ACC-000763,CUST-000322,Savings,BR-000032,2023-02-07,INR,Active,364598.9655334897,373437.9,ACC-000764
ACC-000764,CUST-000322,Savings,BR-000032,2023-03-19,INR,Active,71965.24503889045,85562.63,ACC-000763
ACC-000765,CUST-000323,Current,BR-000003,2023-12-11,INR,Active,740.4001766047274,14263.49,ACC-000766
ACC-000766,CUST-000323,Savings,BR-000003,2023-10-10,INR,Active,3.1267243687575124,2952.96,ACC-000765
ACC-000767,CUST-000324,Savings,BR-000162,2022-07-08,INR,Active,56897.304785090986,59063.23,ACC-000768;ACC-000769
ACC-000768,CUST-000324,Current,BR-000162,2023-02-01,GBP,Active,83039.60675584234,72266.07,ACC-000767;ACC-000769
ACC-000769,CUST-000324,Current,BR-000162,2023-05-29,INR,Active,26842.037301319626,34196.32,ACC-000767;ACC-000768
ACC-000770,CUST-000325,Current,BR-000156,2023-11-30,EUR,Active,2997.13115193094,2531.84,
ACC-000771,CUST-000326,Current,BR-000062,2022-08-03,INR,Active,512.9022923454139,16692.58,ACC-000772;ACC-000773
ACC-000772,CUST-000326,Current,BR-000062,2022-02-21,EUR,Active,31606.849518588955,33330.1,ACC-000771;ACC-000773
ACC-000773,CUST-000326,Current,BR-000062,2024-12-18,INR,Active,72534.4299701788,88198.99,ACC-000771;ACC-000772
ACC-000774,CUST-000327,Current,BR-000092,2024-02-15,GBP,Active,2.7655463039104475,2482.96,ACC-000775;ACC-000776
ACC-000775,CUST-000327,Current,BR-000092,2024-10-04,INR,Active,34616.18834554561,50956.87,ACC-000774;ACC-000776
ACC-000776,CUST-000327,Savings,BR-000092,2024-09-07,INR,Active,552.9908770415859,27368.25,ACC-000774;ACC-000775
ACC-000777,CUST-000328,Current,BR-000128,2023-03-27,INR,Active,30033.19470837938,35832.85,ACC-000778;ACC-000779
ACC-000778,CUST-000328,Savings,BR-000128,2022-03-09,INR,Active,11124.075728091117,19255.57,ACC-000777;ACC-000779
ACC-000779,CUST-000328,Savings,BR-000128,2023-09-06,INR,Active,19.585348861378844,8004.61,ACC-000777;ACC-000778
ACC-000780,CUST-000329,Current,BR-000139,2024-11-18,INR,Active,22324.717830321857,36741.93,ACC-000781;ACC-000782
ACC-000781,CUST-000329,Current,BR-000139,2024-10-10,INR,Active,5724.824800030247,32888.01,ACC-000780;ACC-000782
ACC-000782,CUST-000329,Current,BR-000139,2024-10-18,USD,Active,28.426532725999344,3737.26,ACC-000780;ACC-000781
ACC-000783,CUST-000330,Savings,BR-000047,2020-10-18,USD,Active,437.0724953756726,1796.97,ACC-000784;ACC-000785
ACC-000784,CUST-000330,Savings,BR-000047,2020-10-12,GBP,Active,59.67004976743942,1217.55,ACC-000783;ACC-000785
ACC-000785,CUST-000330,Savings,BR-000047,2021-03-30,EUR,Active,4009.203402952949,7573.04,ACC-000783;ACC-000784
ACC-000786,CUST-000331,Current,BR-000138,2022-09-28,INR,Active,13852.01599518767,68280.54,ACC-000787;ACC-000788
ACC-000787,CUST-000331,Current,BR-000138,2024-08-12,GBP,Active,57.34942526191615,10841.12,ACC-000786;ACC-000788
ACC-000788,CUST-000331,Savings,BR-000138,2023-11-16,INR,Active,363.8642440844387,5432.63,ACC-000786;ACC-000787
ACC-000789,CUST-000332,Savings,BR-000170,2024-08-22,GBP,Active,0.16611155493442187,15544.89,
ACC-000790,CUST-000333,Current,BR-000026,2024-11-12,INR,Active,718.2525356479309,12694.51,
ACC-000791,CUST-000334,Savings,BR-000082,2024-06-08,INR,Active,222626.28146603005,240203.94,
ACC-000792,CUST-000335,Savings,BR-000108,2023-09-25,GBP,Active,45470.38951057605,102107.09,ACC-000793;ACC-000794
ACC-000793,CUST-000335,Savings,BR-000108,2022-09-02,EUR,Active,59694.99548679096,78222.0,ACC-000792;ACC-000794
ACC-000794,CUST-000335,Savings,BR-000108,2024-08-16,INR,Active,141917.5210505145,143763.01,ACC-000792;ACC-000793
ACC-000795,CUST-000336,Savings,BR-000119,2023-12-05,GBP,Active,16645.740977633308,9707.82,ACC-000796
ACC-000796,CUST-000336,Current,BR-000119,2021-10-22,INR,Active,1594.9428685048138,17797.52,ACC-000795
ACC-000797,CUST-000337,Business,BR-000096,2024-05-30,INR,Active,1207637.9966600141,1381367.32,ACC-000798;ACC-000799;ACC-000800;ACC-000801
ACC-000798,CUST-000337,Current,BR-000096,2024-12-07,EUR,Active,10485.612168726453,394818.04,ACC-000797;ACC-000799;ACC-000800;ACC-000801
ACC-000799,CUST-000337,Business,BR-000096,2024-06-05,INR,Active,2670424.7891443605,2772361.91,ACC-000797;ACC-000798;ACC-000800;ACC-000801
ACC-000800,CUST-000337,Current,BR-000096,2024-06-06,INR,Active,1402360.7364831264,1743352.48,ACC-000797;ACC-000798;ACC-000799;ACC-000801
ACC-000801,CUST-000337,Business,BR-000096,2024-08-21,INR,Active,1387860.464733938,1142564.63,ACC-000797;ACC-000798;ACC-000799;ACC-000800
ACC-000802,CUST-000338,Current,BR-000052,2023-09-18,INR,Active,65890.38630352198,64675.63,ACC-000803;ACC-000804
ACC-000803,CUST-000338,Savings,BR-000052,2024-06-17,INR,Active,902.8958179463418,4519.19,ACC-000802;ACC-000804
ACC-000804,CUST-000338,Current,BR-000052,2024-09-17,INR,Active,0.1495778724048078,7141.83,ACC-000802;ACC-000803
ACC-000805,CUST-000339,Savings,BR-000004,2020-10-07,INR,Active,7535.051166675011,74390.16,
ACC-000806,CUST-000340,Current,BR-000157,2023-08-22,EUR,Active,2303.797290356524,6431.03,
ACC-000807,CUST-000341,Current,BR-000131,2024-07-10,INR,Active,7298.231460577965,14979.09,ACC-000808
ACC-000808,CUST-000341,Savings,BR-000131,2024-07-07,USD,Active,7.541355192713947,16039.69,ACC-000807
ACC-000809,CUST-000342,Savings,BR-000119,2024-08-27,USD,Active,8331.956121487494,7269.58,
ACC-000810,CUST-000343,Savings,BR-000130,2024-12-09,USD,Active,3995.010559307322,28033.47,ACC-000811;ACC-000812
ACC-000811,CUST-000343,Current,BR-000130,2024-11-30,USD,Active,64719.46969489496,72321.68,ACC-000810;ACC-000812
ACC-000812,CUST-000343,Current,BR-000130,2024-11-25,EUR,Active,959.0728062686294,6632.84,ACC-000810;ACC-000811
ACC-000813,CUST-000344,Current,BR-000177,2024-11-15,AED,Active,2.91480804604907,7666.23,
ACC-000814,CUST-000345,Current,BR-000029,2024-10-03,INR,Active,27.888914080378555,16693.69,ACC-000815
ACC-000815,CUST-000345,Savings,BR-000029,2023-12-15,INR,Active,0.00011711697533860595,31.39,ACC-000814
ACC-000816,CUST-000346,Savings,BR-000175,2024-11-17,INR,Active,4.072557685098673,429.71,
ACC-000817,CUST-000347,Savings,BR-000175,2024-08-08,INR,Active,82939.1674173749,101040.68,ACC-000818;ACC-000819
ACC-000818,CUST-000347,Savings,BR-000175,2024-11-19,EUR,Active,92452.84765628565,90985.2,ACC-000817;ACC-000819
ACC-000819,CUST-000347,Savings,BR-000175,2024-03-22,USD,Active,4049.7549691328168,52466.57,ACC-000817;ACC-000818
ACC-000820,CUST-000348,Savings,BR-000039,2024-10-19,EUR,Active,6520.084971187289,20123.6,ACC-000821
ACC-000821,CUST-000348,Current,BR-000039,2024-12-12,USD,Active,4932.286980060695,12465.82,ACC-000820
ACC-000822,CUST-000349,Current,BR-000092,2023-11-01,USD,Active,16.027108815958563,4593.53,ACC-000823
ACC-000823,CUST-000349,Current,BR-000092,2023-04-22,USD,Active,106099.16624537931,126952.69,ACC-000822
ACC-000824,CUST-000350,Savings,BR-000049,2024-03-10,INR,Active,0.1393239442619525,209.62,
ACC-000825,CUST-000351,Investment,BR-000085,2022-12-09,INR,Active,171224.8479700772,412476.19,ACC-000826
ACC-000826,CUST-000351,Current,BR-000085,2023-11-29,INR,Active,274079.55295578536,365781.46,ACC-000825
ACC-000827,CUST-000352,Savings,BR-000075,2022-10-11,INR,Active,6649.317104515855,30776.39,ACC-000828
ACC-000828,CUST-000352,Savings,BR-000075,2021-12-16,INR,Active,345669.11638846406,345468.6,ACC-000827
ACC-000829,CUST-000353,Current,BR-000145,2023-07-04,INR,Active,387949.4173966242,241925.14,
ACC-000830,CUST-000354,Savings,BR-000014,2023-07-28,EUR,Active,118.00033923802994,7975.23,ACC-000831;ACC-000832
ACC-000831,CUST-000354,Savings,BR-000014,2022-05-13,INR,Active,1465.7971736897643,25727.35,ACC-000830;ACC-000832
ACC-000832,CUST-000354,Savings,BR-000014,2022-05-07,GBP,Active,35145.852211896425,47421.73,ACC-000830;ACC-000831
ACC-000833,CUST-000355,Current,BR-000130,2023-03-11,INR,Active,337310.7553737335,378115.29,ACC-000834;ACC-000835;ACC-000836;ACC-000837
ACC-000834,CUST-000355,Business,BR-000130,2019-10-18,INR,Active,95561.09639889537,475768.33,ACC-000833;ACC-000835;ACC-000836;ACC-000837
ACC-000835,CUST-000355,Business,BR-000130,2021-01-10,EUR,Active,1092943.6621968234,1181874.38,ACC-000833;ACC-000834;ACC-000836;ACC-000837
ACC-000836,CUST-000355,Current,BR-000130,2021-09-25,INR,Active,728005.0145175315,753808.73,ACC-000833;ACC-000834;ACC-000835;ACC-000837
ACC-000837,CUST-000355,Current,BR-000130,2020-02-28,AED,Active,599742.2685633833,987644.39,ACC-000833;ACC-000834;ACC-000835;ACC-000836
ACC-000838,CUST-000356,Savings,BR-000157,2024-10-15,INR,Active,6344.521408577525,4133.58,
ACC-000839,CUST-000357,Savings,BR-000012,2024-11-20,USD,Active,3752.5523381795247,8811.0,
ACC-000840,CUST-000358,Current,BR-000045,2024-03-03,INR,Active,330.7273774698399,2885.23,
ACC-000841,CUST-000359,Savings,BR-000053,2021-01-22,AED,Active,4811.1411276278095,6452.19,
ACC-000842,CUST-000360,Business,BR-000095,2023-05-02,INR,Active,124726.57683078521,336848.67,ACC-000843;ACC-000844;ACC-000845;ACC-000846
ACC-000843,CUST-000360,Current,BR-000095,2023-04-30,AED,Active,358819.54527242156,407047.87,ACC-000842;ACC-000844;ACC-000845;ACC-000846
ACC-000844,CUST-000360,Current,BR-000095,2019-10-30,INR,Active,678987.9324682326,786690.41,ACC-000842;ACC-000843;ACC-000845;ACC-000846
ACC-000845,CUST-000360,Current,BR-000095,2022-11-18,GBP,Active,705348.0665786444,713488.69,ACC-000842;ACC-000843;ACC-000844;ACC-000846
ACC-000846,CUST-000360,Current,BR-000095,2022-08-23,GBP,Active,504186.52695523424,732509.53,ACC-000842;ACC-000843;ACC-000844;ACC-000845
ACC-000847,CUST-000361,Current,BR-000091,2024-12-06,INR,Active,53422.120968676805,38372.65,ACC-000848
ACC-000848,CUST-000361,Current,BR-000091,2024-11-11,USD,Active,24692.788030124342,30228.01,ACC-000847
ACC-000849,CUST-000362,Investment,BR-000002,2024-04-25,INR,Active,685588.4990346748,727817.04,ACC-000850;ACC-000851
ACC-000850,CUST-000362,Current,BR-000002,2024-09-20,INR,Active,331293.712301778,321378.3,ACC-000849;ACC-000851
ACC-000851,CUST-000362,Current,BR-000002,2024-06-21,INR,Active,97777.59508650542,146186.53,ACC-000849;ACC-000850
ACC-000852,CUST-000363,Savings,BR-000057,2021-10-21,GBP,Active,13388.978818863607,32166.72,
ACC-000853,CUST-000364,Current,BR-000150,2024-06-17,INR,Active,57.239998537040606,14039.52,ACC-000854;ACC-000855
ACC-000854,CUST-000364,Savings,BR-000150,2024-04-24,INR,Active,3252.0299185231643,18488.84,ACC-000853;ACC-000855
ACC-000855,CUST-000364,Current,BR-000150,2022-10-22,INR,Active,24892.439752621198,6378.37,ACC-000853;ACC-000854
ACC-000856,CUST-000365,Savings,BR-000093,2023-11-24,INR,Active,25.437102970527846,3854.57,
ACC-000857,CUST-000366,Savings,BR-000119,2023-04-17,GBP,Active,7516.228574182051,7412.01,ACC-000858;ACC-000859
ACC-000858,CUST-000366,Current,BR-000119,2024-03-13,INR,Active,63539.879767829916,51536.32,ACC-000857;ACC-000859
ACC-000859,CUST-000366,Savings,BR-000119,2023-08-11,AED,Active,365.46331334931324,10609.36,ACC-000857;ACC-000858
ACC-000860,CUST-000367,Savings,BR-000060,2024-03-22,INR,Active,270.9989947418735,18913.67,
ACC-000861,CUST-000368,Savings,BR-000025,2024-09-18,INR,Active,46564.43014683241,40643.29,ACC-000862
ACC-000862,CUST-000368,Current,BR-000025,2024-12-08,USD,Active,39905.5093406541,19008.73,ACC-000861
ACC-000863,CUST-000369,Savings,BR-000005,2024-07-16,INR,Dormant,11303.85,11303.85,
ACC-000864,CUST-000370,Current,BR-000078,2023-03-28,USD,Active,0.005295038763400199,16370.92,
ACC-000865,CUST-000371,Savings,BR-000108,2022-10-05,USD,Active,324.2019298964493,10493.64,
ACC-000866,CUST-000372,Current,BR-000124,2022-12-02,INR,Active,17423.040665476932,26830.16,ACC-000867;ACC-000868
ACC-000867,CUST-000372,Savings,BR-000124,2023-08-11,INR,Active,1483.8305921558695,14547.94,ACC-000866;ACC-000868
ACC-000868,CUST-000372,Savings,BR-000124,2022-03-28,INR,Active,237.04686917514255,3408.25,ACC-000866;ACC-000867
ACC-000869,CUST-000373,Savings,BR-000102,2022-05-05,INR,Active,70.07376389441072,726.03,ACC-000870
ACC-000870,CUST-000373,Savings,BR-000102,2023-12-30,INR,Active,1991.9579769874756,877.35,ACC-000869
ACC-000871,CUST-000374,Current,BR-000119,2024-05-25,INR,Active,6955.7251703756865,43386.63,ACC-000872;ACC-000873
ACC-000872,CUST-000374,Current,BR-000119,2022-05-08,INR,Active,64214.571032862026,66934.47,ACC-000871;ACC-000873
ACC-000873,CUST-000374,Current,BR-000119,2024-01-26,USD,Active,2652.243585590317,9377.84,ACC-000871;ACC-000872
ACC-000874,CUST-000375,Current,BR-000135,2023-05-04,INR,Active,5756.31068537198,2835.71,
ACC-000875,CUST-000376,Investment,BR-000106,2023-11-29,INR,Active,381436.93750987214,501986.79,ACC-000876
ACC-000876,CUST-000376,Current,BR-000106,2021-12-26,INR,Active,114056.12122065967,118220.64,ACC-000875
ACC-000877,CUST-000377,Investment,BR-000041,2023-10-13,AED,Active,272165.412001319,516128.48,ACC-000878
ACC-000878,CUST-000377,Savings,BR-000041,2023-08-16,USD,Active,0.4148090242964827,6926.8,ACC-000877
ACC-000879,CUST-000378,Savings,BR-000066,2021-01-18,INR,Active,72830.74350603075,67260.42,ACC-000880;ACC-000881
ACC-000880,CUST-000378,Savings,BR-000066,2023-05-26,USD,Active,28217.229779137095,39164.67,ACC-000879;ACC-000881
ACC-000881,CUST-000378,Savings,BR-000066,2020-09-16,USD,Active,535.0595394273184,16448.41,ACC-000879;ACC-000880
ACC-000882,CUST-000379,Investment,BR-000145,2024-01-28,INR,Active,133227.3644434248,260713.39,ACC-000883;ACC-000884
ACC-000883,CUST-000379,Investment,BR-000145,2021-12-04,EUR,Active,246.86904450458906,79011.49,ACC-000882;ACC-000884
ACC-000884,CUST-000379,Investment,BR-000145,2024-11-03,USD,Active,480525.1412319506,625506.96,ACC-000882;ACC-000883
ACC-000885,CUST-000380,Savings,BR-000002,2020-11-04,USD,Active,86433.07788690129,52603.55,
ACC-000886,CUST-000381,Investment,BR-000137,2021-05-27,GBP,Active,211606.70070966508,323292.23,ACC-000887
ACC-000887,CUST-000381,Investment,BR-000137,2024-12-09,INR,Active,479420.2199265665,463766.02,ACC-000886
ACC-000888,CUST-000382,Current,BR-000012,2024-02-05,INR,Active,626513.4563434622,870201.99,ACC-000889;ACC-000890;ACC-000891;ACC-000892
ACC-000889,CUST-000382,Current,BR-000012,2023-07-06,INR,Active,336187.6729064448,336187.67,ACC-000888;ACC-000890;ACC-000891;ACC-000892
ACC-000890,CUST-000382,Current,BR-000012,2024-06-21,INR,Active,146905.60667917097,315917.98,ACC-000888;ACC-000889;ACC-000891;ACC-000892
ACC-000891,CUST-000382,Current,BR-000012,2024-02-21,INR,Active,16879.157571645424,145035.08,ACC-000888;ACC-000889;ACC-000890;ACC-000892
ACC-000892,CUST-000382,Current,BR-000012,2023-12-29,EUR,Active,197757.34331077326,353093.43,ACC-000888;ACC-000889;ACC-000890;ACC-000891
ACC-000893,CUST-000383,Current,BR-000077,2023-09-29,AED,Active,235296.22508028985,252281.58,ACC-000894;ACC-000895
ACC-000894,CUST-000383,Investment,BR-000077,2024-02-23,INR,Active,509193.88696326193,569873.09,ACC-000893;ACC-000895
ACC-000895,CUST-000383,Savings,BR-000077,2024-12-04,INR,Active,282586.66816954926,394504.36,ACC-000893;ACC-000894
ACC-000896,CUST-000384,Current,BR-000170,2022-07-27,INR,Active,4.599211118552066,4542.36,ACC-000897;ACC-000898
ACC-000897,CUST-000384,Current,BR-000170,2022-08-04,INR,Active,1233.8867505322742,28543.1,ACC-000896;ACC-000898
ACC-000898,CUST-000384,Current,BR-000170,2024-11-09,INR,Active,0.03374460514277511,4983.11,ACC-000896;ACC-000897
ACC-000899,CUST-000385,Savings,BR-000159,2024-10-18,INR,Active,2728.127252747312,13725.3,
ACC-000900,CUST-000386,Savings,BR-000162,2023-05-11,USD,Active,338.9180117470646,3151.12,ACC-000901;ACC-000902
ACC-000901,CUST-000386,Savings,BR-000162,2024-05-31,INR,Active,5539.0281572163185,2584.2,ACC-000900;ACC-000902
ACC-000902,CUST-000386,Savings,BR-000162,2024-09-17,INR,Active,5.833996537327348,2250.68,ACC-000900;ACC-000901
ACC-000903,CUST-000387,Savings,BR-000107,2024-09-16,AED,Active,72.9332033464488,10885.5,
ACC-000904,CUST-000388,Savings,BR-000093,2022-03-05,EUR,Active,1.7554112580643029,36680.98,
ACC-000905,CUST-000389,Current,BR-000108,2024-10-10,EUR,Active,6625.454984882512,4572.04,ACC-000906
ACC-000906,CUST-000389,Current,BR-000108,2024-07-31,INR,Active,26918.257803470904,23163.92,ACC-000905
ACC-000907,CUST-000390,Current,BR-000063,2023-12-23,EUR,Active,7239.655267068477,10662.49,ACC-000908;ACC-000909
ACC-000908,CUST-000390,Savings,BR-000063,2023-03-13,AED,Active,1.8835608075228931,5782.24,ACC-000907;ACC-000909
ACC-000909,CUST-000390,Savings,BR-000063,2023-12-19,EUR,Active,21894.289913408702,24048.71,ACC-000907;ACC-000908
ACC-000910,CUST-000391,Savings,BR-000019,2022-06-08,USD,Active,87262.24237256478,98386.95,ACC-000911
ACC-000911,CUST-000391,Savings,BR-000019,2024-04-07,INR,Active,186711.55931443075,222467.73,ACC-000910
ACC-000912,CUST-000392,Current,BR-000065,2022-06-28,INR,Active,33782.93120430666,33651.41,ACC-000913;ACC-000914
ACC-000913,CUST-000392,Current,BR-000065,2020-12-26,USD,Active,9413.565664796317,13812.1,ACC-000912;ACC-000914
ACC-000914,CUST-000392,Savings,BR-000065,2022-01-25,INR,Active,5922.838731794138,6345.84,ACC-000912;ACC-000913
ACC-000915,CUST-000393,Current,BR-000014,2023-12-02,USD,Active,83744.62601361319,89115.55,ACC-000916;ACC-000917
ACC-000916,CUST-000393,Current,BR-000014,2024-07-14,AED,Active,23345.272098658585,23285.16,ACC-000915;ACC-000917
ACC-000917,CUST-000393,Current,BR-000014,2024-08-14,INR,Active,7032.739992347517,9468.49,ACC-000915;ACC-000916
ACC-000918,CUST-000394,Current,BR-000055,2023-11-27,INR,Active,3680.3807440577166,43431.21,ACC-000919;ACC-000920
ACC-000919,CUST-000394,Current,BR-000055,2022-04-16,INR,Active,11468.716836090443,19513.32,ACC-000918;ACC-000920
ACC-000920,CUST-000394,Savings,BR-000055,2022-02-16,INR,Active,3.1593106325926765,11198.23,ACC-000918;ACC-000919
ACC-000921,CUST-000395,Savings,BR-000115,2024-08-11,USD,Active,17750.69634346565,117429.49,
ACC-000922,CUST-000396,Savings,BR-000105,2022-06-13,USD,Active,8657.426330989241,46345.59,
ACC-000923,CUST-000397,Savings,BR-000030,2023-12-15,INR,Active,4376.456581360491,1226.72,ACC-000924
ACC-000924,CUST-000397,Savings,BR-000030,2024-01-11,USD,Active,2.1817127292778906,1008.93,ACC-000923
ACC-000925,CUST-000398,Current,BR-000115,2022-09-08,USD,Active,0.056734471727714175,3161.35,
ACC-000926,CUST-000399,Savings,BR-000109,2020-11-22,INR,Active,2887.224343373693,13498.3,ACC-000927;ACC-000928
ACC-000927,CUST-000399,Current,BR-000109,2022-02-01,INR,Active,237.00159471741586,26204.06,ACC-000926;ACC-000928
ACC-000928,CUST-000399,Savings,BR-000109,2024-03-14,INR,Dormant,641343.9841095434,641343.98,ACC-000926;ACC-000927
ACC-000929,CUST-000400,Savings,BR-000017,2021-11-15,INR,Dormant,346450.99601671536,346451.0,ACC-000930
ACC-000930,CUST-000400,Current,BR-000017,2021-04-08,USD,Active,6710.818126120129,8395.97,ACC-000929
ACC-000931,CUST-000401,Savings,BR-000174,2023-08-04,GBP,Active,14.799816394469836,9402.39,ACC-000932
ACC-000932,CUST-000401,Current,BR-000174,2022-10-06,INR,Active,59785.70242280926,79687.28,ACC-000931
ACC-000933,CUST-000402,Current,BR-000007,2024-03-07,USD,Active,13.977060088384427,40502.81,
ACC-000934,CUST-000403,Savings,BR-000046,2024-04-10,INR,Active,2165.640988159912,32942.14,ACC-000935
ACC-000935,CUST-000403,Investment,BR-000046,2023-12-05,EUR,Active,332256.3221465113,468491.46,ACC-000934
ACC-000936,CUST-000404,Savings,BR-000166,2024-12-08,INR,Active,982.840438923381,9787.42,ACC-000937
ACC-000937,CUST-000404,Savings,BR-000166,2024-07-08,GBP,Active,83142.83614400237,104902.01,ACC-000936
ACC-000938,CUST-000405,Savings,BR-000090,2024-07-04,EUR,Active,51917.8539888622,61156.94,ACC-000939
ACC-000939,CUST-000405,Savings,BR-000090,2024-06-20,USD,Active,241252.15974661228,242991.67,ACC-000938
ACC-000940,CUST-000406,Savings,BR-000132,2023-12-09,INR,Dormant,792109.9996538894,792110.0,
ACC-000941,CUST-000407,Savings,BR-000174,2024-11-21,INR,Active,1353.0206936857135,29145.82,ACC-000942
ACC-000942,CUST-000407,Current,BR-000174,2024-11-25,INR,Active,12008.337340388645,15306.97,ACC-000941
ACC-000943,CUST-000408,Current,BR-000062,2023-03-14,INR,Active,0.07947920409295373,6733.69,
ACC-000944,CUST-000409,Savings,BR-000060,2020-08-21,USD,Active,53404.138866070905,45238.09,ACC-000945;ACC-000946
ACC-000945,CUST-000409,Savings,BR-000060,2023-04-01,INR,Active,73673.89911910327,79331.19,ACC-000944;ACC-000946
ACC-000946,CUST-000409,Savings,BR-000060,2022-11-30,USD,Active,385048.10539471754,380642.26,ACC-000944;ACC-000945
ACC-000947,CUST-000410,Current,BR-000023,2023-09-05,INR,Active,101210.53190635228,115599.01,ACC-000948
ACC-000948,CUST-000410,Savings,BR-000023,2023-07-06,INR,Active,56543.6817744295,76547.23,ACC-000947
ACC-000949,CUST-000411,Current,BR-000115,2024-09-14,INR,Active,341597.3331454901,422134.2,ACC-000950;ACC-000951;ACC-000952;ACC-000953
ACC-000950,CUST-000411,Business,BR-000115,2024-12-03,USD,Active,763907.2387852857,717069.61,ACC-000949;ACC-000951;ACC-000952;ACC-000953
ACC-000951,CUST-000411,Business,BR-000115,2024-07-02,INR,Active,1289544.5284047816,1277248.57,ACC-000949;ACC-000950;ACC-000952;ACC-000953
ACC-000952,CUST-000411,Business,BR-000115,2024-11-11,INR,Active,851147.7864923889,888435.86,ACC-000949;ACC-000950;ACC-000951;ACC-000953
ACC-000953,CUST-000411,Current,BR-000115,2024-12-07,USD,Active,187371.18660522444,273654.26,ACC-000949;ACC-000950;ACC-000951;ACC-000952
ACC-000954,CUST-000412,Savings,BR-000178,2022-09-06,USD,Active,0.424039895460413,955.65,ACC-000955
ACC-000955,CUST-000412,Savings,BR-000178,2022-04-05,GBP,Dormant,2562.28,2562.28,ACC-000954
ACC-000956,CUST-000413,Business,BR-000049,2024-09-08,INR,Active,1004993.2053983764,1103740.17,ACC-000957;ACC-000958;ACC-000959;ACC-000960
ACC-000957,CUST-000413,Business,BR-000049,2024-12-08,USD,Active,479957.2654939826,1120265.54,ACC-000956;ACC-000958;ACC-000959;ACC-000960
ACC-000958,CUST-000413,Business,BR-000049,2024-12-16,GBP,Active,695961.8856786648,1186862.16,ACC-000956;ACC-000957;ACC-000959;ACC-000960
ACC-000959,CUST-000413,Current,BR-000049,2024-09-16,INR,Active,270781.80017296295,1189793.37,ACC-000956;ACC-000957;ACC-000958;ACC-000960
ACC-000960,CUST-000413,Current,BR-000049,2024-11-04,INR,Active,1166356.893688437,825530.54,ACC-000956;ACC-000957;ACC-000958;ACC-000959
ACC-000961,CUST-000414,Current,BR-000056,2023-10-22,INR,Active,158.59323365360905,6477.3,ACC-000962;ACC-000963
ACC-000962,CUST-000414,Current,BR-000056,2024-02-09,INR,Active,813.4879615832097,9935.48,ACC-000961;ACC-000963
ACC-000963,CUST-000414,Current,BR-000056,2023-09-10,INR,Active,30024.039910703978,35003.07,ACC-000961;ACC-000962
ACC-000964,CUST-000415,Savings,BR-000135,2023-11-18,INR,Active,10219.783469473607,23008.96,ACC-000965
ACC-000965,CUST-000415,Current,BR-000135,2022-11-24,AED,Active,20612.484629395334,37435.79,ACC-000964
ACC-000966,CUST-000416,Business,BR-000069,2024-07-06,EUR,Dormant,501518.19,501518.19,ACC-000967;ACC-000968;ACC-000969;ACC-000970
ACC-000967,CUST-000416,Business,BR-000069,2024-02-20,INR,Active,606126.3971836076,606126.4,ACC-000966;ACC-000968;ACC-000969;ACC-000970
ACC-000968,CUST-000416,Business,BR-000069,2023-05-27,INR,Active,9797.645500983228,200491.12,ACC-000966;ACC-000967;ACC-000969;ACC-000970
ACC-000969,CUST-000416,Business,BR-000069,2023-10-04,USD,Active,56916.67451137518,209466.88,ACC-000966;ACC-000967;ACC-000968;ACC-000970
ACC-000970,CUST-000416,Business,BR-000069,2024-04-28,EUR,Active,667907.8984082898,735137.06,ACC-000966;ACC-000967;ACC-000968;ACC-000969
ACC-000971,CUST-000417,Savings,BR-000118,2024-10-26,EUR,Dormant,516382.7590856438,516382.76,
ACC-000972,CUST-000418,Savings,BR-000132,2024-10-31,INR,Active,615.0225703099588,538.82,
ACC-000973,CUST-000419,Savings,BR-000095,2023-07-15,INR,Active,14668.389815167622,21730.51,ACC-000974;ACC-000975
ACC-000974,CUST-000419,Savings,BR-000095,2023-11-20,INR,Active,138.50303970448863,5294.86,ACC-000973;ACC-000975
ACC-000975,CUST-000419,Savings,BR-000095,2021-10-21,INR,Active,11931.91356067181,22239.4,ACC-000973;ACC-000974
ACC-000976,CUST-000420,Savings,BR-000026,2022-07-29,INR,Active,14.507650598054038,5893.52,ACC-000977;ACC-000978
ACC-000977,CUST-000420,Current,BR-000026,2019-08-12,INR,Active,31080.809908481562,10010.24,ACC-000976;ACC-000978
ACC-000978,CUST-000420,Savings,BR-000026,2020-08-05,INR,Active,8.777196504327431,2687.79,ACC-000976;ACC-000977
ACC-000979,CUST-000421,Current,BR-000178,2022-12-15,INR,Active,4780708.842213551,1450120.46,ACC-000980;ACC-000981
ACC-000980,CUST-000421,Current,BR-000178,2023-07-27,INR,Active,8132.195508504624,25370.98,ACC-000979;ACC-000981
ACC-000981,CUST-000421,Current,BR-000178,2022-03-01,AED,Dormant,49778.02,49778.02,ACC-000979;ACC-000980
ACC-000982,CUST-000422,Current,BR-000119,2024-12-18,EUR,Active,20948.955039040826,7375.43,ACC-000983
ACC-000983,CUST-000422,Current,BR-000119,2024-11-11,INR,Active,509.9514852900975,12513.07,ACC-000982
ACC-000984,CUST-000423,Savings,BR-000112,2022-03-16,INR,Active,6505.26336451466,13788.47,ACC-000985
ACC-000985,CUST-000423,Savings,BR-000112,2024-10-21,INR,Active,7902.763101340979,19984.66,ACC-000984
ACC-000986,CUST-000424,Savings,BR-000175,2023-05-09,USD,Active,0.17799384940631668,23627.92,
ACC-000987,CUST-000425,Savings,BR-000036,2022-07-18,INR,Active,144167.01986940042,278101.68,ACC-000988
ACC-000988,CUST-000425,Current,BR-000036,2022-03-17,INR,Active,283091.5613839754,203727.15,ACC-000987
ACC-000989,CUST-000426,Savings,BR-000066,2022-10-16,INR,Active,135.15323175483695,2797.18,ACC-000990;ACC-000991
ACC-000990,CUST-000426,Savings,BR-000066,2021-05-07,INR,Active,102710.23825714653,104427.26,ACC-000989;ACC-000991
ACC-000991,CUST-000426,Savings,BR-000066,2024-12-08,INR,Active,3542.6777837819996,5936.76,ACC-000989;ACC-000990
ACC-000992,CUST-000427,Investment,BR-000052,2024-02-04,INR,Active,347.2463093070721,117458.62,ACC-000993
ACC-000993,CUST-000427,Savings,BR-000052,2024-12-17,GBP,Active,87354.41083125706,117838.59,ACC-000992
ACC-000994,CUST-000428,Current,BR-000048,2023-02-01,USD,Active,2382621.3589214645,2517098.73,ACC-000995;ACC-000996;ACC-000997;ACC-000998
ACC-000995,CUST-000428,Business,BR-000048,2024-01-01,INR,Active,2803335.099963209,2938893.29,ACC-000994;ACC-000996;ACC-000997;ACC-000998
ACC-000996,CUST-000428,Business,BR-000048,2024-03-08,GBP,Active,1456180.7728881612,1490896.15,ACC-000994;ACC-000995;ACC-000997;ACC-000998
ACC-000997,CUST-000428,Business,BR-000048,2024-02-08,INR,Active,3882886.354049585,4126212.98,ACC-000994;ACC-000995;ACC-000996;ACC-000998
ACC-000998,CUST-000428,Business,BR-000048,2023-02-24,USD,Active,1815193.8831039341,1908428.84,ACC-000994;ACC-000995;ACC-000996;ACC-000997
ACC-000999,CUST-000429,Current,BR-000023,2024-06-12,INR,Active,1053857.5346642956,1446556.08,ACC-001000;ACC-001001;ACC-001002;ACC-001003
ACC-001000,CUST-000429,Current,BR-000023,2024-12-10,INR,Active,157497.8464830522,573747.94,ACC-000999;ACC-001001;ACC-001002;ACC-001003
ACC-001001,CUST-000429,Business,BR-000023,2024-03-16,EUR,Active,636095.8425590873,677523.03,ACC-000999;ACC-001000;ACC-001002;ACC-001003
ACC-001002,CUST-000429,Business,BR-000023,2024-07-15,INR,Dormant,2899938.7021300187,2549661.4,ACC-000999;ACC-001000;ACC-001001;ACC-001003
ACC-001003,CUST-000429,Business,BR-000023,2024-10-06,INR,Active,1928797.9721183593,2116830.62,ACC-000999;ACC-001000;ACC-001001;ACC-001002
ACC-001004,CUST-000430,Current,BR-000103,2024-09-12,INR,Active,2098370.3751013186,2302321.55,ACC-001005;ACC-001006;ACC-001007;ACC-001008
ACC-001005,CUST-000430,Current,BR-000103,2024-07-17,INR,Active,823517.3161699835,822509.14,ACC-001004;ACC-001006;ACC-001007;ACC-001008
ACC-001006,CUST-000430,Business,BR-000103,2020-12-29,GBP,Active,976086.9697979449,937725.05,ACC-001004;ACC-001005;ACC-001007;ACC-001008
ACC-001007,CUST-000430,Business,BR-000103,2021-01-26,USD,Active,575889.3394483244,575889.34,ACC-001004;ACC-001005;ACC-001006;ACC-001008
ACC-001008,CUST-000430,Current,BR-000103,2020-09-21,USD,Active,887970.2,887970.2,ACC-001004;ACC-001005;ACC-001006;ACC-001007
ACC-001009,CUST-000431,Current,BR-000095,2024-03-19,INR,Active,107062.43584243217,464797.79,ACC-001010;ACC-001011;ACC-001012;ACC-001013
ACC-001010,CUST-000431,Current,BR-000095,2022-07-01,EUR,Active,669959.1131379581,453495.85,ACC-001009;ACC-001011;ACC-001012;ACC-001013
ACC-001011,CUST-000431,Current,BR-000095,2024-03-02,INR,Active,1137622.8520456625,1299447.36,ACC-001009;ACC-001010;ACC-001012;ACC-001013
ACC-001012,CUST-000431,Current,BR-000095,2024-01-26,INR,Active,788297.7039438136,750234.23,ACC-001009;ACC-001010;ACC-001011;ACC-001013
ACC-001013,CUST-000431,Current,BR-000095,2024-01-02,INR,Active,4326.39977235795,241777.45,ACC-001009;ACC-001010;ACC-001011;ACC-001012
ACC-001014,CUST-000432,Current,BR-000052,2024-10-20,AED,Active,394.04888137275793,39822.58,ACC-001015;ACC-001016
ACC-001015,CUST-000432,Savings,BR-000052,2023-08-12,EUR,Active,6493.687281605135,21616.9,ACC-001014;ACC-001016
ACC-001016,CUST-000432,Current,BR-000052,2022-12-22,GBP,Active,8.674225347096915,3056.83,ACC-001014;ACC-001015
ACC-001017,CUST-000433,Savings,BR-000002,2024-08-19,INR,Active,2.8777499535052257e-07,1842.43,
ACC-001018,CUST-000434,Current,BR-000047,2022-08-02,INR,Dormant,624808.1360612573,624808.14,ACC-001019
ACC-001019,CUST-000434,Current,BR-000047,2023-09-23,INR,Active,9.736980512073188,6731.22,ACC-001018
ACC-001020,CUST-000435,Savings,BR-000078,2023-08-22,INR,Active,10647.275922902641,29293.48,ACC-001021
ACC-001021,CUST-000435,Savings,BR-000078,2023-10-14,INR,Active,551.9061392387275,33524.98,ACC-001020
ACC-001022,CUST-000436,Savings,BR-000075,2024-10-02,GBP,Active,3345.6997866762576,206482.82,
ACC-001023,CUST-000437,Current,BR-000065,2020-12-03,INR,Active,104.17837181140322,10582.96,
ACC-001024,CUST-000438,Savings,BR-000075,2023-10-05,INR,Active,3590.7261743494073,2703.46,ACC-001025
ACC-001025,CUST-000438,Current,BR-000075,2024-11-25,EUR,Dormant,43454.93,43454.93,ACC-001024
ACC-001026,CUST-000439,Current,BR-000105,2021-07-25,GBP,Active,2203949.261706194,2233519.45,ACC-001027;ACC-001028;ACC-001029;ACC-001030
ACC-001027,CUST-000439,Business,BR-000105,2023-10-17,INR,Active,932949.31,932949.31,ACC-001026;ACC-001028;ACC-001029;ACC-001030
ACC-001028,CUST-000439,Current,BR-000105,2023-05-06,INR,Active,1358365.7171034655,1418442.53,ACC-001026;ACC-001027;ACC-001029;ACC-001030
ACC-001029,CUST-000439,Business,BR-000105,2020-09-18,INR,Active,795145.2302976445,817546.72,ACC-001026;ACC-001027;ACC-001028;ACC-001030
ACC-001030,CUST-000439,Business,BR-000105,2022-05-25,USD,Active,505444.29326377827,722272.48,ACC-001026;ACC-001027;ACC-001028;ACC-001029
ACC-001031,CUST-000440,Savings,BR-000139,2022-01-18,INR,Active,15.526673296373616,525.82,ACC-001032;ACC-001033
ACC-001032,CUST-000440,Savings,BR-000139,2023-04-24,AED,Active,2.103090753743538e-09,319.01,ACC-001031;ACC-001033
ACC-001033,CUST-000440,Savings,BR-000139,2024-06-02,GBP,Active,52.24906731774318,2311.32,ACC-001031;ACC-001032
ACC-001034,CUST-000441,Savings,BR-000131,2024-11-05,GBP,Active,4423017.674952994,2969788.24,
ACC-001035,CUST-000442,Savings,BR-000106,2020-10-14,INR,Active,0.23802851180514217,2171.62,ACC-001036;ACC-001037
ACC-001036,CUST-000442,Savings,BR-000106,2020-12-10,USD,Active,476.9202891563749,593.39,ACC-001035;ACC-001037
ACC-001037,CUST-000442,Savings,BR-000106,2023-08-04,INR,Active,2061.0291723160294,1322.77,ACC-001035;ACC-001036
ACC-001038,CUST-000443,Savings,BR-000055,2024-02-21,INR,Active,30546.48225373486,36554.44,ACC-001039;ACC-001040
ACC-001039,CUST-000443,Savings,BR-000055,2024-12-17,INR,Active,171254.93538776578,171254.94,ACC-001038;ACC-001040
ACC-001040,CUST-000443,Savings,BR-000055,2024-12-04,INR,Active,8.53912347266263,6333.71,ACC-001038;ACC-001039
ACC-001041,CUST-000444,Current,BR-000058,2020-01-26,USD,Active,1.2126258026273429,15374.22,
ACC-001042,CUST-000445,Current,BR-000149,2024-10-28,EUR,Active,940.6846798477386,5065.95,ACC-001043;ACC-001044
ACC-001043,CUST-000445,Current,BR-000149,2024-09-02,USD,Active,16782.485316829443,9197.5,ACC-001042;ACC-001044
ACC-001044,CUST-000445,Savings,BR-000149,2024-10-20,INR,Active,29750.97008242568,38314.02,ACC-001042;ACC-001043
ACC-001045,CUST-000446,Savings,BR-000065,2023-01-12,INR,Dormant,508985.8429399436,508985.84,ACC-001046
ACC-001046,CUST-000446,Savings,BR-000065,2024-09-11,USD,Active,7257.836153547027,1919.61,ACC-001045
ACC-001047,CUST-000447,Savings,BR-000136,2024-12-10,INR,Dormant,127503.86,127503.86,
ACC-001048,CUST-000448,Savings,BR-000122,2024-08-03,USD,Active,7.135103519109887,8596.84,ACC-001049;ACC-001050
ACC-001049,CUST-000448,Current,BR-000122,2024-10-02,USD,Active,41.98373274772558,3963.77,ACC-001048;ACC-001050
ACC-001050,CUST-000448,Current,BR-000122,2024-08-22,INR,Active,12052.421349524255,17543.04,ACC-001048;ACC-001049
ACC-001051,CUST-000449,Business,BR-000094,2021-11-30,INR,Active,555632.0907759744,652926.69,ACC-001052;ACC-001053;ACC-001054;ACC-001055
ACC-001052,CUST-000449,Current,BR-000094,2020-11-02,EUR,Active,1231694.6918539857,1314391.96,ACC-001051;ACC-001053;ACC-001054;ACC-001055
ACC-001053,CUST-000449,Current,BR-000094,2019-09-05,INR,Active,846023.0616168556,1002318.52,ACC-001051;ACC-001052;ACC-001054;ACC-001055
ACC-001054,CUST-000449,Current,BR-000094,2020-12-22,INR,Active,58164.755885729144,15489.87,ACC-001051;ACC-001052;ACC-001053;ACC-001055
ACC-001055,CUST-000449,Business,BR-000094,2020-06-05,INR,Active,143432.81316155405,178517.06,ACC-001051;ACC-001052;ACC-001053;ACC-001054
ACC-001056,CUST-000450,Savings,BR-000123,2024-08-10,EUR,Active,29703.638133305725,55474.06,ACC-001057;ACC-001058
ACC-001057,CUST-000450,Savings,BR-000123,2024-12-08,USD,Active,813.6225721530238,27578.65,ACC-001056;ACC-001058
ACC-001058,CUST-000450,Current,BR-000123,2023-06-01,INR,Active,21358.022020684257,30169.61,ACC-001056;ACC-001057
ACC-001059,CUST-000451,Current,BR-000014,2024-07-02,AED,Active,1391885.255795652,1362618.83,ACC-001060;ACC-001061;ACC-001062;ACC-001063
ACC-001060,CUST-000451,Business,BR-000014,2024-04-21,INR,Active,2340743.6434997153,2567363.95,ACC-001059;ACC-001061;ACC-001062;ACC-001063
ACC-001061,CUST-000451,Business,BR-000014,2024-07-15,EUR,Active,22334.209333781386,188853.86,ACC-001059;ACC-001060;ACC-001062;ACC-001063
ACC-001062,CUST-000451,Current,BR-000014,2024-08-29,GBP,Active,1906520.6123804573,1744205.56,ACC-001059;ACC-001060;ACC-001061;ACC-001063
ACC-001063,CUST-000451,Business,BR-000014,2024-09-03,INR,Active,2043783.0479745618,2192378.19,ACC-001059;ACC-001060;ACC-001061;ACC-001062
ACC-001064,CUST-000452,Savings,BR-000151,2024-06-19,AED,Active,61404.347896043284,46737.32,ACC-001065
ACC-001065,CUST-000452,Savings,BR-000151,2024-04-03,INR,Active,51154.09912028111,40413.22,ACC-001064
ACC-001066,CUST-000453,Current,BR-000124,2023-03-31,GBP,Active,4733.622760844351,24332.87,ACC-001067;ACC-001068
ACC-001067,CUST-000453,Savings,BR-000124,2024-07-02,INR,Active,11087.98537468909,23856.88,ACC-001066;ACC-001068
ACC-001068,CUST-000453,Savings,BR-000124,2020-11-19,INR,Active,223.38312159194749,13271.0,ACC-001066;ACC-001067
ACC-001069,CUST-000454,Savings,BR-000014,2021-12-09,INR,Active,2774.1904489799153,4415.9,ACC-001070;ACC-001071
ACC-001070,CUST-000454,Savings,BR-000014,2023-11-22,INR,Active,6635.508135330024,8461.55,ACC-001069;ACC-001071
ACC-001071,CUST-000454,Savings,BR-000014,2023-08-17,INR,Active,2222.9178585799964,1128.58,ACC-001069;ACC-001070
ACC-001072,CUST-000455,Savings,BR-000070,2024-06-22,INR,Active,77.38714322660394,6884.26,ACC-001073
ACC-001073,CUST-000455,Current,BR-000070,2021-12-25,INR,Active,67.39034727803221,12844.18,ACC-001072
ACC-001074,CUST-000456,Savings,BR-000080,2023-01-04,USD,Active,104.87080932523372,13193.3,ACC-001075
ACC-001075,CUST-000456,Savings,BR-000080,2024-03-07,AED,Active,1969.8786616547895,1704.85,ACC-001074
ACC-001076,CUST-000457,Savings,BR-000129,2024-02-14,INR,Active,1261.622074978768,24801.79,ACC-001077
ACC-001077,CUST-000457,Current,BR-000129,2024-09-10,INR,Active,64.38093339390582,9282.18,ACC-001076
ACC-001078,CUST-000458,Savings,BR-000025,2023-11-04,GBP,Active,759.965862906902,3925.93,ACC-001079;ACC-001080
ACC-001079,CUST-000458,Current,BR-000025,2023-11-03,INR,Active,19554.06865928822,42456.66,ACC-001078;ACC-001080
ACC-001080,CUST-000458,Current,BR-000025,2023-12-31,USD,Active,20075.604038438352,32904.99,ACC-001078;ACC-001079
ACC-001081,CUST-000459,Current,BR-000017,2022-08-02,EUR,Active,2693.4362145875007,12039.72,ACC-001082;ACC-001083
ACC-001082,CUST-000459,Savings,BR-000017,2024-11-28,INR,Active,43954.425505079336,35482.1,ACC-001081;ACC-001083
ACC-001083,CUST-000459,Savings,BR-000017,2024-11-24,INR,Active,3068.8220073915236,49374.58,ACC-001081;ACC-001082
ACC-001084,CUST-000460,Savings,BR-000030,2022-09-22,INR,Active,6722.9620436037385,43636.11,ACC-001085
ACC-001085,CUST-000460,Savings,BR-000030,2023-07-19,USD,Active,9054.911851262721,17976.08,ACC-001084
ACC-001086,CUST-000461,Business,BR-000119,2024-02-29,USD,Active,1467525.3300633056,1467525.33,ACC-001087;ACC-001088;ACC-001089;ACC-001090
ACC-001087,CUST-000461,Business,BR-000119,2024-01-03,INR,Active,2158418.580031671,2158418.58,ACC-001086;ACC-001088;ACC-001089;ACC-001090
ACC-001088,CUST-000461,Business,BR-000119,2024-03-28,INR,Active,1973718.3567795467,2131744.4,ACC-001086;ACC-001087;ACC-001089;ACC-001090
ACC-001089,CUST-000461,Business,BR-000119,2024-04-12,AED,Active,2075315.171204907,2352577.8,ACC-001086;ACC-001087;ACC-001088;ACC-001090
ACC-001090,CUST-000461,Current,BR-000119,2023-10-11,INR,Dormant,2079327.76,2079327.76,ACC-001086;ACC-001087;ACC-001088;ACC-001089
ACC-001091,CUST-000462,Savings,BR-000069,2023-08-19,INR,Active,44.74784505540859,5311.54,
ACC-001092,CUST-000463,Savings,BR-000148,2023-11-01,USD,Dormant,236512.97,236512.97,ACC-001093
ACC-001093,CUST-000463,Savings,BR-000148,2024-03-29,EUR,Dormant,542681.914419538,542681.91,ACC-001092
ACC-001094,CUST-000464,Savings,BR-000102,2024-11-20,USD,Active,34081.679895706504,53319.41,ACC-001095
ACC-001095,CUST-000464,Savings,BR-000102,2024-11-13,USD,Active,65.82023245621188,17946.56,ACC-001094
ACC-001096,CUST-000465,Savings,BR-000089,2024-10-01,USD,Active,2519.945319347375,2903.64,ACC-001097;ACC-001098
ACC-001097,CUST-000465,Savings,BR-000089,2023-07-23,INR,Active,766.446953720869,2322.52,ACC-001096;ACC-001098
ACC-001098,CUST-000465,Savings,BR-000089,2023-02-08,GBP,Active,1110.544537006355,3093.85,ACC-001096;ACC-001097
ACC-001099,CUST-000466,Savings,BR-000028,2024-11-10,INR,Active,469.7279187429822,1846.0,ACC-001100;ACC-001101
ACC-001100,CUST-000466,Savings,BR-000028,2023-02-27,EUR,Active,24.38453512293404,417.05,ACC-001099;ACC-001101
ACC-001101,CUST-000466,Savings,BR-000028,2024-01-15,INR,Active,5880.770578395557,7187.65,ACC-001099;ACC-001100
ACC-001102,CUST-000467,Savings,BR-000165,2022-05-15,INR,Active,834.592816952033,36758.18,ACC-001103;ACC-001104
ACC-001103,CUST-000467,Savings,BR-000165,2019-10-25,INR,Active,2724982.0099181826,893669.98,ACC-001102;ACC-001104
ACC-001104,CUST-000467,Savings,BR-000165,2021-04-30,USD,Dormant,107415.04,107415.04,ACC-001102;ACC-001103
ACC-001105,CUST-000468,Current,BR-000081,2024-11-22,INR,Active,1936.0165150934772,8450.73,
ACC-001106,CUST-000469,Current,BR-000005,2023-04-04,EUR,Active,74.51828944119052,3929.87,
ACC-001107,CUST-000470,Savings,BR-000155,2023-09-01,INR,Active,1766.1354928350602,1538.01,ACC-001108
ACC-001108,CUST-000470,Savings,BR-000155,2024-07-28,INR,Active,48.96259105856285,1338.27,ACC-001107
ACC-001109,CUST-000471,Savings,BR-000064,2022-03-29,GBP,Active,997.1337154521298,12021.78,ACC-001110;ACC-001111
ACC-001110,CUST-000471,Current,BR-000064,2024-06-30,INR,Active,14883.936444414056,42862.03,ACC-001109;ACC-001111
ACC-001111,CUST-000471,Savings,BR-000064,2019-03-17,INR,Active,30094.892690387747,37280.94,ACC-001109;ACC-001110
ACC-001112,CUST-000472,Savings,BR-000130,2023-04-13,INR,Active,7880.59137717906,14940.73,ACC-001113;ACC-001114
ACC-001113,CUST-000472,Current,BR-000130,2020-12-04,EUR,Active,26275.847326698975,27061.73,ACC-001112;ACC-001114
ACC-001114,CUST-000472,Savings,BR-000130,2021-01-06,EUR,Active,111.51761086156762,3808.94,ACC-001112;ACC-001113
ACC-001115,CUST-000473,Current,BR-000036,2022-09-17,USD,Active,5.686694655986935,36832.84,ACC-001116;ACC-001117
ACC-001116,CUST-000473,Investment,BR-000036,2024-11-13,USD,Dormant,654595.38,654595.38,ACC-001115;ACC-001117
ACC-001117,CUST-000473,Current,BR-000036,2024-01-01,INR,Active,27801.94743539435,282962.69,ACC-001115;ACC-001116
ACC-001118,CUST-000474,Savings,BR-000170,2020-09-23,INR,Active,3.721251239166115,31455.15,ACC-001119;ACC-001120
ACC-001119,CUST-000474,Savings,BR-000170,2022-02-24,EUR,Active,29867.657710387222,61723.7,ACC-001118;ACC-001120
ACC-001120,CUST-000474,Savings,BR-000170,2022-09-16,INR,Active,374545.8855150567,377131.13,ACC-001118;ACC-001119
ACC-001121,CUST-000475,Savings,BR-000057,2021-07-12,AED,Active,15257.07714926042,29015.69,ACC-001122
ACC-001122,CUST-000475,Savings,BR-000057,2020-06-26,USD,Active,21853.99106906629,15635.31,ACC-001121
ACC-001123,CUST-000476,Savings,BR-000034,2024-09-13,INR,Active,0.22700987000374317,4583.85,ACC-001124;ACC-001125
ACC-001124,CUST-000476,Savings,BR-000034,2024-12-15,INR,Active,66734.60457038012,73080.16,ACC-001123;ACC-001125
ACC-001125,CUST-000476,Current,BR-000034,2023-05-22,GBP,Active,15475.694654963645,12408.13,ACC-001123;ACC-001124
ACC-001126,CUST-000477,Current,BR-000131,2023-06-19,USD,Active,25696.238648354476,34914.08,ACC-001127;ACC-001128
ACC-001127,CUST-000477,Current,BR-000131,2024-06-18,INR,Active,1626.2358753413973,6527.31,ACC-001126;ACC-001128
ACC-001128,CUST-000477,Savings,BR-000131,2024-07-01,EUR,Active,23727.79097618908,32223.9,ACC-001126;ACC-001127
ACC-001129,CUST-000478,Current,BR-000101,2024-07-03,EUR,Dormant,47770.36,47770.36,ACC-001130
ACC-001130,CUST-000478,Savings,BR-000101,2022-06-30,INR,Active,190.49531421651835,7007.09,ACC-001129
ACC-001131,CUST-000479,Business,BR-000140,2024-04-11,INR,Active,1916990.1694515273,1974301.42,ACC-001132;ACC-001133;ACC-001134;ACC-001135
ACC-001132,CUST-000479,Current,BR-000140,2024-07-02,GBP,Active,831792.9577925964,866780.45,ACC-001131;ACC-001133;ACC-001134;ACC-001135
ACC-001133,CUST-000479,Business,BR-000140,2024-06-19,INR,Dormant,5060464.03,5060464.03,ACC-001131;ACC-001132;ACC-001134;ACC-001135
ACC-001134,CUST-000479,Current,BR-000140,2024-10-30,USD,Active,2114354.445605729,2114354.45,ACC-001131;ACC-001132;ACC-001133;ACC-001135
ACC-001135,CUST-000479,Current,BR-000140,2023-10-08,USD,Active,2580674.5017377073,2579087.63,ACC-001131;ACC-001132;ACC-001133;ACC-001134
ACC-001136,CUST-000480,Savings,BR-000004,2024-01-02,INR,Active,13.43710505822596,1536.34,ACC-001137;ACC-001138
ACC-001137,CUST-000480,Current,BR-000004,2021-05-10,INR,Active,24086.102735155906,34120.48,ACC-001136;ACC-001138
ACC-001138,CUST-000480,Current,BR-000004,2021-08-29,INR,Active,61135.351593726824,64373.72,ACC-001136;ACC-001137
ACC-001139,CUST-000481,Savings,BR-000175,2024-10-17,EUR,Active,220.1334693514844,24696.75,ACC-001140;ACC-001141
ACC-001140,CUST-000481,Savings,BR-000175,2023-12-20,INR,Active,651904.5547057358,672749.85,ACC-001139;ACC-001141
ACC-001141,CUST-000481,Current,BR-000175,2024-03-09,GBP,Active,60476.043650486405,172806.16,ACC-001139;ACC-001140
ACC-001142,CUST-000482,Savings,BR-000093,2020-08-09,INR,Active,43.36109320842801,19202.44,
ACC-001143,CUST-000483,Savings,BR-000050,2024-12-03,INR,Active,846418.8839984473,941023.29,ACC-001144
ACC-001144,CUST-000483,Investment,BR-000050,2024-09-11,USD,Active,209729.4649008298,338519.2,ACC-001143
ACC-001145,CUST-000484,Savings,BR-000079,2024-04-27,INR,Active,125.78658757279936,3276.37,ACC-001146;ACC-001147
ACC-001146,CUST-000484,Savings,BR-000079,2024-02-19,INR,Active,506.51813160741585,4967.52,ACC-001145;ACC-001147
ACC-001147,CUST-000484,Current,BR-000079,2024-04-24,USD,Active,303.85241553504943,20080.8,ACC-001145;ACC-001146
ACC-001148,CUST-000485,Current,BR-000167,2023-09-01,INR,Active,2547597.0477879695,3621973.07,ACC-001149;ACC-001150;ACC-001151;ACC-001152
ACC-001149,CUST-000485,Business,BR-000167,2022-12-10,INR,Active,614581.3399123512,1019582.06,ACC-001148;ACC-001150;ACC-001151;ACC-001152
ACC-001150,CUST-000485,Business,BR-000167,2024-06-17,USD,Active,3757094.790601697,3940062.0,ACC-001148;ACC-001149;ACC-001151;ACC-001152
ACC-001151,CUST-000485,Current,BR-000167,2024-02-07,INR,Active,47217.525040239096,291338.08,ACC-001148;ACC-001149;ACC-001150;ACC-001152
ACC-001152,CUST-000485,Business,BR-000167,2024-02-05,USD,Active,1554817.31,1554817.31,ACC-001148;ACC-001149;ACC-001150;ACC-001151
ACC-001153,CUST-000486,Savings,BR-000020,2022-12-22,INR,Active,961.4099277542564,3561.97,ACC-001154;ACC-001155
ACC-001154,CUST-000486,Savings,BR-000020,2024-04-12,GBP,Active,5382.067318179748,5874.78,ACC-001153;ACC-001155
ACC-001155,CUST-000486,Savings,BR-000020,2023-02-16,GBP,Active,195.6774555650902,595.55,ACC-001153;ACC-001154
ACC-001156,CUST-000487,Savings,BR-000005,2024-08-03,INR,Active,1128.1064169500505,7965.53,ACC-001157;ACC-001158
ACC-001157,CUST-000487,Savings,BR-000005,2024-11-20,EUR,Active,2183.3424163296904,30796.7,ACC-001156;ACC-001158
ACC-001158,CUST-000487,Current,BR-000005,2023-07-06,INR,Active,0.01993423929048975,4076.8,ACC-001156;ACC-001157
ACC-001159,CUST-000488,Current,BR-000048,2024-04-06,USD,Active,530.015761530702,29425.35,
ACC-001160,CUST-000489,Current,BR-000177,2024-12-17,INR,Active,212.92793864426687,162276.6,ACC-001161
ACC-001161,CUST-000489,Investment,BR-000177,2024-11-14,INR,Active,9393.188694909357,33867.56,ACC-001160
ACC-001162,CUST-000490,Investment,BR-000016,2024-11-21,GBP,Active,377733.80664782994,320622.29,
ACC-001163,CUST-000491,Current,BR-000157,2023-05-31,AED,Active,886018.8616619401,886018.86,ACC-001164;ACC-001165;ACC-001166;ACC-001167
ACC-001164,CUST-000491,Business,BR-000157,2021-12-16,INR,Active,52090.2613502464,100915.85,ACC-001163;ACC-001165;ACC-001166;ACC-001167
ACC-001165,CUST-000491,Current,BR-000157,2024-11-06,INR,Active,256087.89641347865,331803.73,ACC-001163;ACC-001164;ACC-001166;ACC-001167
ACC-001166,CUST-000491,Current,BR-000157,2023-11-11,EUR,Active,566027.0353613892,395866.07,ACC-001163;ACC-001164;ACC-001165;ACC-001167
ACC-001167,CUST-000491,Current,BR-000157,2024-11-17,INR,Active,1102545.724607993,1323914.96,ACC-001163;ACC-001164;ACC-001165;ACC-001166
ACC-001168,CUST-000492,Current,BR-000081,2023-12-06,USD,Active,587.2326929346486,14209.41,ACC-001169
ACC-001169,CUST-000492,Savings,BR-000081,2021-03-03,INR,Active,4253.958680243383,2813.13,ACC-001168
ACC-001170,CUST-000493,Savings,BR-000017,2024-12-16,EUR,Active,2155.4490651472206,6928.61,ACC-001171
ACC-001171,CUST-000493,Current,BR-000017,2024-12-04,USD,Active,10836.942468285997,50575.47,ACC-001170
ACC-001172,CUST-000494,Current,BR-000140,2024-12-10,USD,Active,50.36391101056316,102553.19,ACC-001173
ACC-001173,CUST-000494,Investment,BR-000140,2023-03-31,INR,Dormant,270672.76,270672.76,ACC-001172
ACC-001174,CUST-000495,Savings,BR-000112,2024-05-23,INR,Active,123623.5791512432,122566.75,ACC-001175
ACC-001175,CUST-000495,Savings,BR-000112,2024-06-14,INR,Active,198532.58615891254,211966.05,ACC-001174
ACC-001176,CUST-000496,Current,BR-000052,2024-10-12,INR,Active,1754638.9186174795,1789651.11,ACC-001177;ACC-001178;ACC-001179;ACC-001180
ACC-001177,CUST-000496,Business,BR-000052,2024-11-05,EUR,Active,609572.3560973129,662352.29,ACC-001176;ACC-001178;ACC-001179;ACC-001180
ACC-001178,CUST-000496,Business,BR-000052,2024-12-11,INR,Active,80877.21095047076,759153.35,ACC-001176;ACC-001177;ACC-001179;ACC-001180
ACC-001179,CUST-000496,Business,BR-000052,2024-12-07,AED,Active,926328.5464315526,905573.01,ACC-001176;ACC-001177;ACC-001178;ACC-001180
ACC-001180,CUST-000496,Current,BR-000052,2024-11-29,INR,Active,439582.21457077144,626257.96,ACC-001176;ACC-001177;ACC-001178;ACC-001179
ACC-001181,CUST-000497,Business,BR-000098,2022-03-19,INR,Active,125399.417335047,473133.81,ACC-001182;ACC-001183;ACC-001184;ACC-001185
ACC-001182,CUST-000497,Business,BR-000098,2021-06-05,EUR,Active,3816963.83271821,4015616.86,ACC-001181;ACC-001183;ACC-001184;ACC-001185
ACC-001183,CUST-000497,Current,BR-000098,2024-02-18,USD,Active,901311.2888439338,1283873.42,ACC-001181;ACC-001182;ACC-001184;ACC-001185
ACC-001184,CUST-000497,Current,BR-000098,2023-12-29,AED,Active,297896.0117742569,749195.77,ACC-001181;ACC-001182;ACC-001183;ACC-001185
ACC-001185,CUST-000497,Business,BR-000098,2023-05-16,EUR,Active,560775.1488189036,950599.98,ACC-001181;ACC-001182;ACC-001183;ACC-001184
ACC-001186,CUST-000498,Investment,BR-000015,2021-11-24,USD,Active,2499.593824253134,270949.34,ACC-001187
ACC-001187,CUST-000498,Current,BR-000015,2023-04-22,EUR,Active,0.27798434663646954,16131.67,ACC-001186
ACC-001188,CUST-000499,Savings,BR-000166,2022-01-28,INR,Active,307052.0170021106,320313.96,
ACC-001189,CUST-000500,Savings,BR-000051,2024-10-20,AED,Active,117.21292372355988,1363.27,ACC-001190
ACC-001190,CUST-000500,Savings,BR-000051,2024-10-10,USD,Active,1157.0674364970498,1330.87,ACC-001189
